metric_family,status,coverage,primary_artifact,notes
TP/TW comparison errors and RMSE,available,all 8 selected runs,../ethan_runs/reports/2026-06-04_ethan_direct_validation/ethan_direct_validation_metrics.csv,"Includes TP RMSE, TW RMSE, all-temperature RMSE, max TP/TW error labels, and pointwise exp-minus-sim deltas."
Mass-flow summary and error,available,all 8 selected runs,../ethan_runs/reports/2026-06-04_ethan_direct_validation/ethan_direct_validation_metrics.csv,"Includes simulated mdot, experimental mdot, absolute percent error, and late-window mdot drift via the 8-case convergence package."
Section heat loss / heat balance,available,all 8 selected runs,../ethan_runs/reports/2026-06-04_ethan_direct_validation/ethan_direct_validation_metrics.csv,"Includes sim_total_wall_q_net_w, ambient-loss proxy, cooling-branch removal, and section net-Q terms."
Prescribed external heat-transfer coefficients,available_as_inputs,all 8 selected runs,../ethan_runs/reports/2026-06-04_ethan_case_metadata_index/ethan_case_metadata_index.csv,"These are boundary-condition coefficients from case metadata, not derived effective external HTCs from postprocessed fields."
Hydraulic resistance ranking / section pressure drops,partial,salt representatives only,../ethan_runs/reports/2026-06-04_ethan_section_transport_package/section_pressure_drops.csv,Latest-time only. Good for branch ranking; not yet a transient hydraulic profile.
Axial wall-heat profiles q_w(x),partial,salt representatives only,../ethan_runs/reports/2026-06-04_ethan_transient_axial_package/all_salt_axial_patch_latest.csv,Patchwise axial wall-heat rows exist for salts. Water representatives are not in that package.
"Axial thermal profiles T_w(x), T_bulk(x)",not_currently_populated,none of the 4 representative salt rows currently populate these fields,../ethan_runs/reports/2026-06-04_ethan_transient_axial_package/all_salt_axial_patch_latest.csv,areaAverage_T_k is blank in the current representative salt rows.
Derived Nu(x) and internal HTC h(x),not_currently_populated,none of the 4 representative salt rows currently populate these fields,../ethan_runs/reports/2026-06-04_ethan_transient_axial_package/all_salt_axial_patch_latest.csv,areaAverage_Nu is blank in the current representative salt rows; the June 4 notes explicitly say this path is still blocked on cleaner T-field extraction.
Thermal resistances / thermal circuit,not_implemented_as_reported_output,none,../ethan_runs/reports/2026-06-05_ethan_wall_loss_resistance_coupling/README.md,"There is a wall-loss/resistance coupling interpretation report, but not a published resistance-network table or thermal-circuit decomposition."
