case_dir,top_level_folder,case_folder_name,has_meta_data_json,has_mat_file,file_count,NC1_U_rows,NC1_U_cols,u_csv,NC1_V_rows,NC1_V_cols,v_csv,NC1_X_rows,NC1_X_cols,x_csv,NC1_Y_rows,NC1_Y_cols,y_csv,metadata_path,metadata_parse_status,metadata_parse_error,start_date,start_time,measurement_date,measurement_time,metadata_power_hot_1_W,metadata_power_hot_2_W,metadata_power_cold_1_2_W,metadata_test_section_power_W,metadata_temperature_hot_1_C,metadata_temperature_hot_2_C,metadata_temperature_cold_1_2_C,metadata_volumetric_flow_rate_Lpm,files,candidate_heater_power_W,candidate_air_flow_Lpm,candidate_test_section_power_W,ready_for_validation_export,review_status,NC2_U_rows,NC2_U_cols,NC2_V_rows,NC2_V_cols,NC2_X_rows,NC2_X_cols,NC2_Y_rows,NC2_Y_cols,NC3_U_rows,NC3_U_cols,NC3_V_rows,NC3_V_cols,NC3_X_rows,NC3_X_cols,NC3_Y_rows,NC3_Y_cols,NC4_U_rows,NC4_U_cols,NC4_V_rows,NC4_V_cols,NC4_X_rows,NC4_X_cols,NC4_Y_rows,NC4_Y_cols,NC5_U_rows,NC5_U_cols,NC5_V_rows,NC5_V_cols,NC5_X_rows,NC5_X_cols,NC5_Y_rows,NC5_Y_cols,NC6_U_rows,NC6_U_cols,NC6_V_rows,NC6_V_cols,NC6_X_rows,NC6_X_cols,NC6_Y_rows,NC6_Y_cols,NC7_U_rows,NC7_U_cols,NC7_V_rows,NC7_V_cols,NC7_X_rows,NC7_X_cols,NC7_Y_rows,NC7_Y_cols,U_rows,U_cols,V_rows,V_cols,X_rows,X_cols,Y_rows,Y_cols,NC10_U_rows,NC10_U_cols,NC10_V_rows,NC10_V_cols,NC10_X_rows,NC10_X_cols,NC10_Y_rows,NC10_Y_cols,NC11_U_rows,NC11_U_cols,NC11_V_rows,NC11_V_cols,NC11_X_rows,NC11_X_cols,NC11_Y_rows,NC11_Y_cols,NC12_U_rows,NC12_U_cols,NC12_V_rows,NC12_V_cols,NC12_X_rows,NC12_X_cols,NC12_Y_rows,NC12_Y_cols,NC13_U_rows,NC13_U_cols,NC13_V_rows,NC13_V_cols,NC13_X_rows,NC13_X_cols,NC13_Y_rows,NC13_Y_cols,NC14_U_rows,NC14_U_cols,NC14_V_rows,NC14_V_cols,NC14_X_rows,NC14_X_cols,NC14_Y_rows,NC14_Y_cols,NC15_U_rows,NC15_U_cols,NC15_V_rows,NC15_V_cols,NC15_X_rows,NC15_X_cols,NC15_Y_rows,NC15_Y_cols,NC16_U_rows,NC16_U_cols,NC16_V_rows,NC16_V_cols,NC16_X_rows,NC16_X_cols,NC16_Y_rows,NC16_Y_cols,NC17_U_rows,NC17_U_cols,NC17_V_rows,NC17_V_cols,NC17_X_rows,NC17_X_cols,NC17_Y_rows,NC17_Y_cols,NC8_U_rows,NC8_U_cols,NC8_V_rows,NC8_V_cols,NC8_X_rows,NC8_X_cols,NC8_Y_rows,NC8_Y_cols,NC9_U_rows,NC9_U_cols,NC9_V_rows,NC9_V_cols,NC9_X_rows,NC9_X_cols,NC9_Y_rows,NC9_Y_cols
2024_03_13/1,2024_03_13,1,True,True,6,113.0,51.0,2024_03_13/1/NC1_U.csv,113.0,51.0,2024_03_13/1/NC1_V.csv,113.0,51.0,2024_03_13/1/NC1_X.csv,113.0,51.0,2024_03_13/1/NC1_Y.csv,2024_03_13/1/meta_data.json,repaired,"Expecting ',' delimiter: line 5 column 2 (char 90)",03/13/2024,15:57,03/14/2024,11:57,448.0,0.0,0.0,0.0,0.0,0.0,0.0,41.0,03132024_NC1_TransientWorkspace.mat;NC1_U.csv;NC1_V.csv;NC1_X.csv;NC1_Y.csv;meta_data.json,448.0,41.0,0.0,False,metadata_only,,,,,,,,,,,,,,,,,,,,,,,,,,,,,,,,,,,,,,,,,,,,,,,,,,,,,,,,,,,,,,,,,,,,,,,,,,,,,,,,,,,,,,,,,,,,,,,,,,,,,,,,,,,,,,,,,,,,,,,,,,,,,,,,,,,,,,,,
2024_03_13/2,2024_03_13,2,True,True,6,,,2024_03_13/2/NC2_U.csv,,,2024_03_13/2/NC2_V.csv,,,2024_03_13/2/NC2_X.csv,,,2024_03_13/2/NC2_Y.csv,2024_03_13/2/meta_data.json,repaired,"Expecting ',' delimiter: line 5 column 2 (char 90)",03/14/2024,12:16,03/14/2024,13:53,448.0,0.0,0.0,48.36,0.0,0.0,0.0,41.0,03132024_NC2_TransientWorkspace.mat;NC2_U.csv;NC2_V.csv;NC2_X.csv;NC2_Y.csv;meta_data.json,448.0,41.0,48.36,False,metadata_only,104.0,52.0,104.0,52.0,104.0,52.0,104.0,52.0,,,,,,,,,,,,,,,,,,,,,,,,,,,,,,,,,,,,,,,,,,,,,,,,,,,,,,,,,,,,,,,,,,,,,,,,,,,,,,,,,,,,,,,,,,,,,,,,,,,,,,,,,,,,,,,,,,,,,,,,,,,,,,,,
2024_03_13/3,2024_03_13,3,True,True,6,,,2024_03_13/3/NC3_U.csv,,,2024_03_13/3/NC3_V.csv,,,2024_03_13/3/NC3_X.csv,,,2024_03_13/3/NC3_Y.csv,2024_03_13/3/meta_data.json,repaired,"Expecting ',' delimiter: line 5 column 2 (char 90)",03/14/2024,14:03,03/14/2024,14:15,448.0,0.0,0.0,95.15,0.0,0.0,0.0,41.0,03132024_NC3_TransientWorkspace.mat;NC3_U.csv;NC3_V.csv;NC3_X.csv;NC3_Y.csv;meta_data.json,448.0,41.0,95.15,False,metadata_only,,,,,,,,,103.0,51.0,103.0,51.0,103.0,51.0,103.0,51.0,,,,,,,,,,,,,,,,,,,,,,,,,,,,,,,,,,,,,,,,,,,,,,,,,,,,,,,,,,,,,,,,,,,,,,,,,,,,,,,,,,,,,,,,,,,,,,,,,,,,,,,,,,,,,,,,,,,,,,,,
2024_05_04/1,2024_05_04,1,True,True,6,158.0,51.0,2024_05_04/1/NC1_U.csv,158.0,51.0,2024_05_04/1/NC1_V.csv,158.0,51.0,2024_05_04/1/NC1_X.csv,158.0,51.0,2024_05_04/1/NC1_Y.csv,2024_05_04/1/meta_data.json,repaired,"Expecting ',' delimiter: line 5 column 2 (char 90)",05/04/2024,14:15,05/04/2024,16:15,201.0,0.0,0.0,44.8,0.0,0.0,0.0,37.0,05042024_NC1_TransientWorkspace.mat;NC1_U.csv;NC1_V.csv;NC1_X.csv;NC1_Y.csv;meta_data.json,201.0,37.0,44.8,False,metadata_only,,,,,,,,,,,,,,,,,,,,,,,,,,,,,,,,,,,,,,,,,,,,,,,,,,,,,,,,,,,,,,,,,,,,,,,,,,,,,,,,,,,,,,,,,,,,,,,,,,,,,,,,,,,,,,,,,,,,,,,,,,,,,,,,,,,,,,,,
2024_05_04/2,2024_05_04,2,True,True,6,,,2024_05_04/2/NC2_U.csv,,,2024_05_04/2/NC2_V.csv,,,2024_05_04/2/NC2_X.csv,,,2024_05_04/2/NC2_Y.csv,2024_05_04/2/meta_data.json,repaired,"Expecting ',' delimiter: line 5 column 2 (char 90)",05/04/2024,16:22,05/04/2024,17:47,258.0,0.0,0.0,44.8,0.0,0.0,0.0,37.0,05042024_NC2_TransientWorkspace.mat;NC2_U.csv;NC2_V.csv;NC2_X.csv;NC2_Y.csv;meta_data.json,258.0,37.0,44.8,False,metadata_only,158.0,51.0,158.0,51.0,158.0,51.0,158.0,51.0,,,,,,,,,,,,,,,,,,,,,,,,,,,,,,,,,,,,,,,,,,,,,,,,,,,,,,,,,,,,,,,,,,,,,,,,,,,,,,,,,,,,,,,,,,,,,,,,,,,,,,,,,,,,,,,,,,,,,,,,,,,,,,,,
2024_05_04/3,2024_05_04,3,True,True,6,,,2024_05_04/3/NC3_U.csv,,,2024_05_04/3/NC3_V.csv,,,2024_05_04/3/NC3_X.csv,,,2024_05_04/3/NC3_Y.csv,2024_05_04/3/meta_data.json,repaired,"Expecting ',' delimiter: line 5 column 2 (char 90)",05/04/2024,18:10,05/04/2024,19:50,295.0,0.0,0.0,44.8,0.0,0.0,0.0,37.0,05042024_NC3_TransientWorkspace.mat;NC3_U.csv;NC3_V.csv;NC3_X.csv;NC3_Y.csv;meta_data.json,295.0,37.0,44.8,False,metadata_only,,,,,,,,,158.0,51.0,158.0,51.0,158.0,51.0,158.0,51.0,,,,,,,,,,,,,,,,,,,,,,,,,,,,,,,,,,,,,,,,,,,,,,,,,,,,,,,,,,,,,,,,,,,,,,,,,,,,,,,,,,,,,,,,,,,,,,,,,,,,,,,,,,,,,,,,,,,,,,,,
2024_05_04/4,2024_05_04,4,True,True,6,,,2024_05_04/4/NC4_U.csv,,,2024_05_04/4/NC4_V.csv,,,2024_05_04/4/NC4_X.csv,,,2024_05_04/4/NC4_Y.csv,2024_05_04/4/meta_data.json,repaired,"Expecting ',' delimiter: line 5 column 2 (char 90)",05/04/2024,19:54,05/04/2024,21:45,362.0,0.0,0.0,44.8,0.0,0.0,0.0,37.0,05042024_NC4_TransientWorkspace.mat;NC4_U.csv;NC4_V.csv;NC4_X.csv;NC4_Y.csv;meta_data.json,362.0,37.0,44.8,False,metadata_only,,,,,,,,,,,,,,,,,158.0,51.0,158.0,51.0,158.0,51.0,158.0,51.0,,,,,,,,,,,,,,,,,,,,,,,,,,,,,,,,,,,,,,,,,,,,,,,,,,,,,,,,,,,,,,,,,,,,,,,,,,,,,,,,,,,,,,,,,,,,,,,,,,,,,,,,,,,,,,,,
2024_05_04/5,2024_05_04,5,True,True,6,,,2024_05_04/5/NC5_U.csv,,,2024_05_04/5/NC5_V.csv,,,2024_05_04/5/NC5_X.csv,,,2024_05_04/5/NC5_Y.csv,2024_05_04/5/meta_data.json,repaired,"Expecting ',' delimiter: line 5 column 2 (char 90)",05/04/2024,21:56,05/04/2024,23:48,410.0,0.0,0.0,44.8,0.0,0.0,0.0,37.0,05042024_NC5_TransientWorkspace.mat;NC5_U.csv;NC5_V.csv;NC5_X.csv;NC5_Y.csv;meta_data.json,410.0,37.0,44.8,False,metadata_only,,,,,,,,,,,,,,,,,,,,,,,,,158.0,51.0,158.0,51.0,158.0,51.0,158.0,51.0,,,,,,,,,,,,,,,,,,,,,,,,,,,,,,,,,,,,,,,,,,,,,,,,,,,,,,,,,,,,,,,,,,,,,,,,,,,,,,,,,,,,,,,,,,,,,,,,,,,,,,,,
2024_05_04/6,2024_05_04,6,True,True,6,,,2024_05_04/6/NC6_U.csv,,,2024_05_04/6/NC6_V.csv,,,2024_05_04/6/NC6_X.csv,,,2024_05_04/6/NC6_Y.csv,2024_05_04/6/meta_data.json,repaired,"Expecting ',' delimiter: line 5 column 2 (char 90)",05/04/2024,21:56,05/05/2024,06:25,395.0,0.0,0.0,44.8,0.0,0.0,0.0,37.0,05042024_NC6_TransientWorkspace.mat;NC6_U.csv;NC6_V.csv;NC6_X.csv;NC6_Y.csv;meta_data.json,395.0,37.0,44.8,False,metadata_only,,,,,,,,,,,,,,,,,,,,,,,,,,,,,,,,,158.0,51.0,158.0,51.0,158.0,51.0,158.0,51.0,,,,,,,,,,,,,,,,,,,,,,,,,,,,,,,,,,,,,,,,,,,,,,,,,,,,,,,,,,,,,,,,,,,,,,,,,,,,,,,,,,,,,,,,,,,,,,,,
2024_05_04/7,2024_05_04,7,True,True,6,,,2024_05_04/7/NC7_U.csv,,,2024_05_04/7/NC7_V.csv,,,2024_05_04/7/NC7_X.csv,,,2024_05_04/7/NC7_Y.csv,2024_05_04/7/meta_data.json,repaired,"Expecting ',' delimiter: line 5 column 2 (char 90)",05/05/2024,06:31,05/05/2024,07:56,453.0,0.0,0.0,44.8,0.0,0.0,0.0,37.0,05042024_NC7_TransientWorkspace.mat;NC7_U.csv;NC7_V.csv;NC7_X.csv;NC7_Y.csv;meta_data.json,453.0,37.0,44.8,False,metadata_only,,,,,,,,,,,,,,,,,,,,,,,,,,,,,,,,,,,,,,,,,158.0,51.0,158.0,51.0,158.0,51.0,158.0,51.0,,,,,,,,,,,,,,,,,,,,,,,,,,,,,,,,,,,,,,,,,,,,,,,,,,,,,,,,,,,,,,,,,,,,,,,,,,,,,,,,,,,,,,,,
2025_01_01_(ExampleFolder)/0001,2025_01_01_(ExampleFolder),0001,True,True,6,,,2025_01_01_(ExampleFolder)/0001/U.csv,,,2025_01_01_(ExampleFolder)/0001/V.csv,,,2025_01_01_(ExampleFolder)/0001/X.csv,,,2025_01_01_(ExampleFolder)/0001/Y.csv,2025_01_01_(ExampleFolder)/0001/meta_data.json,valid,,,17:55,,,150.0,0.0,0.0,,60.0,0.0,0.0,,TemperatureMeasurements.mat;U.csv;V.csv;X.csv;Y.csv;meta_data.json,150.0,,,False,metadata_only,,,,,,,,,,,,,,,,,,,,,,,,,,,,,,,,,,,,,,,,,,,,,,,,,84.0,32.0,84.0,32.0,84.0,32.0,84.0,32.0,,,,,,,,,,,,,,,,,,,,,,,,,,,,,,,,,,,,,,,,,,,,,,,,,,,,,,,,,,,,,,,,,,,,,,,,,,,,,,,,
2025_01_01_(ExampleFolder)/0002,2025_01_01_(ExampleFolder),0002,True,True,6,,,2025_01_01_(ExampleFolder)/0002/U.csv,,,2025_01_01_(ExampleFolder)/0002/V.csv,,,2025_01_01_(ExampleFolder)/0002/X.csv,,,2025_01_01_(ExampleFolder)/0002/Y.csv,2025_01_01_(ExampleFolder)/0002/meta_data.json,valid,,,21:19,,,150.0,0.0,0.0,,40.0,0.0,0.0,,TemperatureMeasurements.mat;U.csv;V.csv;X.csv;Y.csv;meta_data.json,150.0,,,False,metadata_only,,,,,,,,,,,,,,,,,,,,,,,,,,,,,,,,,,,,,,,,,,,,,,,,,84.0,32.0,84.0,32.0,84.0,32.0,84.0,32.0,,,,,,,,,,,,,,,,,,,,,,,,,,,,,,,,,,,,,,,,,,,,,,,,,,,,,,,,,,,,,,,,,,,,,,,,,,,,,,,,
2025_03_19/1,2025_03_19,1,True,True,6,84.0,32.0,2025_03_19/1/NC1_U.csv,84.0,32.0,2025_03_19/1/NC1_V.csv,84.0,32.0,2025_03_19/1/NC1_X.csv,84.0,32.0,2025_03_19/1/NC1_Y.csv,2025_03_19/1/meta_data.json,repaired,"Expecting ',' delimiter: line 5 column 2 (char 90)",03/19/2025,13:24,03/19/2025,17:55,150.0,0.0,0.0,0.0,40.0,0.0,0.0,100.0,03192025_NC1_TransientWorkspace.mat;NC1_U.csv;NC1_V.csv;NC1_X.csv;NC1_Y.csv;meta_data.json,150.0,100.0,0.0,False,metadata_only,,,,,,,,,,,,,,,,,,,,,,,,,,,,,,,,,,,,,,,,,,,,,,,,,,,,,,,,,,,,,,,,,,,,,,,,,,,,,,,,,,,,,,,,,,,,,,,,,,,,,,,,,,,,,,,,,,,,,,,,,,,,,,,,,,,,,,,,
2025_03_19/2,2025_03_19,2,True,True,6,,,2025_03_19/2/NC2_U.csv,,,2025_03_19/2/NC2_V.csv,,,2025_03_19/2/NC2_X.csv,,,2025_03_19/2/NC2_Y.csv,2025_03_19/2/meta_data.json,repaired,"Expecting ',' delimiter: line 5 column 2 (char 90)",03/19/2025,18:05,03/19/2025,21:19,150.0,0.0,0.0,0.0,40.0,0.0,0.0,150.0,03192025_NC2_TransientWorkspace.mat;NC2_U.csv;NC2_V.csv;NC2_X.csv;NC2_Y.csv;meta_data.json,150.0,150.0,0.0,False,metadata_only,84.0,32.0,84.0,32.0,84.0,32.0,84.0,32.0,,,,,,,,,,,,,,,,,,,,,,,,,,,,,,,,,,,,,,,,,,,,,,,,,,,,,,,,,,,,,,,,,,,,,,,,,,,,,,,,,,,,,,,,,,,,,,,,,,,,,,,,,,,,,,,,,,,,,,,,,,,,,,,,
2025_03_19/3,2025_03_19,3,True,True,6,,,2025_03_19/3/NC3_U.csv,,,2025_03_19/3/NC3_V.csv,,,2025_03_19/3/NC3_X.csv,,,2025_03_19/3/NC3_Y.csv,2025_03_19/3/meta_data.json,repaired,"Expecting ',' delimiter: line 5 column 2 (char 90)",03/19/2025,18:05,03/20/2025,09:59,150.0,0.0,0.0,0.0,40.0,0.0,0.0,150.0,03192025_NC3_TransientWorkspace.mat;NC3_U.csv;NC3_V.csv;NC3_X.csv;NC3_Y.csv;meta_data.json,150.0,150.0,0.0,False,metadata_only,,,,,,,,,84.0,32.0,84.0,32.0,84.0,32.0,84.0,32.0,,,,,,,,,,,,,,,,,,,,,,,,,,,,,,,,,,,,,,,,,,,,,,,,,,,,,,,,,,,,,,,,,,,,,,,,,,,,,,,,,,,,,,,,,,,,,,,,,,,,,,,,,,,,,,,,,,,,,,,,
2025_03_19/4,2025_03_19,4,True,True,6,,,2025_03_19/4/NC4_U.csv,,,2025_03_19/4/NC4_V.csv,,,2025_03_19/4/NC4_X.csv,,,2025_03_19/4/NC4_Y.csv,2025_03_19/4/meta_data.json,repaired,"Expecting ',' delimiter: line 5 column 2 (char 90)",03/20/2025,10:17,03/20/2025,14:05,150.0,0.0,0.0,0.0,40.0,0.0,0.0,200.0,03192025_NC4_TransientWorkspace.mat;NC4_U.csv;NC4_V.csv;NC4_X.csv;NC4_Y.csv;meta_data.json,150.0,200.0,0.0,False,metadata_only,,,,,,,,,,,,,,,,,84.0,32.0,84.0,32.0,84.0,32.0,84.0,32.0,,,,,,,,,,,,,,,,,,,,,,,,,,,,,,,,,,,,,,,,,,,,,,,,,,,,,,,,,,,,,,,,,,,,,,,,,,,,,,,,,,,,,,,,,,,,,,,,,,,,,,,,,,,,,,,,
2025_03_19/5,2025_03_19,5,True,True,6,,,2025_03_19/5/NC5_U.csv,,,2025_03_19/5/NC5_V.csv,,,2025_03_19/5/NC5_X.csv,,,2025_03_19/5/NC5_Y.csv,2025_03_19/5/meta_data.json,repaired,"Expecting ',' delimiter: line 5 column 2 (char 90)",03/20/2025,14:57,03/20/2025,14:05,150.0,0.0,0.0,0.0,60.0,0.0,0.0,100.0,03192025_NC5_TransientWorkspace.mat;NC5_U.csv;NC5_V.csv;NC5_X.csv;NC5_Y.csv;meta_data.json,150.0,100.0,0.0,False,metadata_only,,,,,,,,,,,,,,,,,,,,,,,,,84.0,32.0,84.0,32.0,84.0,32.0,84.0,32.0,,,,,,,,,,,,,,,,,,,,,,,,,,,,,,,,,,,,,,,,,,,,,,,,,,,,,,,,,,,,,,,,,,,,,,,,,,,,,,,,,,,,,,,,,,,,,,,,,,,,,,,,
2025_03_19/6,2025_03_19,6,True,True,6,,,2025_03_19/6/NC6_U.csv,,,2025_03_19/6/NC6_V.csv,,,2025_03_19/6/NC6_X.csv,,,2025_03_19/6/NC6_Y.csv,2025_03_19/6/meta_data.json,repaired,"Expecting ',' delimiter: line 5 column 2 (char 90)",03/20/2025,16:25,03/20/2025,17:10,150.0,0.0,0.0,0.0,60.0,0.0,0.0,150.0,03192025_NC6_TransientWorkspace.mat;NC6_U.csv;NC6_V.csv;NC6_X.csv;NC6_Y.csv;meta_data.json,150.0,150.0,0.0,False,metadata_only,,,,,,,,,,,,,,,,,,,,,,,,,,,,,,,,,84.0,32.0,84.0,32.0,84.0,32.0,84.0,32.0,,,,,,,,,,,,,,,,,,,,,,,,,,,,,,,,,,,,,,,,,,,,,,,,,,,,,,,,,,,,,,,,,,,,,,,,,,,,,,,,,,,,,,,,,,,,,,,,
2025_03_19/7,2025_03_19,7,True,True,6,,,2025_03_19/7/NC7_U.csv,,,2025_03_19/7/NC7_V.csv,,,2025_03_19/7/NC7_X.csv,,,2025_03_19/7/NC7_Y.csv,2025_03_19/7/meta_data.json,repaired,"Expecting ',' delimiter: line 5 column 2 (char 90)",03/20/2025,17:25,03/20/2025,22:05,150.0,0.0,0.0,0.0,60.0,0.0,0.0,200.0,03192025_NC7_TransientWorkspace.mat;NC7_U.csv;NC7_V.csv;NC7_X.csv;NC7_Y.csv;meta_data.json,150.0,200.0,0.0,False,metadata_only,,,,,,,,,,,,,,,,,,,,,,,,,,,,,,,,,,,,,,,,,84.0,32.0,84.0,32.0,84.0,32.0,84.0,32.0,,,,,,,,,,,,,,,,,,,,,,,,,,,,,,,,,,,,,,,,,,,,,,,,,,,,,,,,,,,,,,,,,,,,,,,,,,,,,,,,,,,,,,,,
2025_05_20/1,2025_05_20,1,True,True,6,75.0,27.0,2025_05_20/1/NC1_U.csv,75.0,27.0,2025_05_20/1/NC1_V.csv,75.0,27.0,2025_05_20/1/NC1_X.csv,75.0,27.0,2025_05_20/1/NC1_Y.csv,2025_05_20/1/meta_data.json,repaired,"Expecting ',' delimiter: line 5 column 2 (char 90)",05/22/2025,00:45,05/22/2025,08:44,328.0,187.0,248.0,22.08,180.0,170.0,160.0,25.0,05202025_NC1_TransientWorkspace.mat;NC1_U.csv;NC1_V.csv;NC1_X.csv;NC1_Y.csv;meta_data.json,328.0,25.0,22.08,False,metadata_only,,,,,,,,,,,,,,,,,,,,,,,,,,,,,,,,,,,,,,,,,,,,,,,,,,,,,,,,,,,,,,,,,,,,,,,,,,,,,,,,,,,,,,,,,,,,,,,,,,,,,,,,,,,,,,,,,,,,,,,,,,,,,,,,,,,,,,,,
2025_05_20/2,2025_05_20,2,True,True,6,,,2025_05_20/2/NC2_U.csv,,,2025_05_20/2/NC2_V.csv,,,2025_05_20/2/NC2_X.csv,,,2025_05_20/2/NC2_Y.csv,2025_05_20/2/meta_data.json,repaired,"Expecting ',' delimiter: line 5 column 2 (char 90)",05/22/2025,09:16,05/22/2025,14:45,317.0,187.0,248.0,22.08,180.0,170.0,160.0,39.0,05202025_NC2_TransientWorkspace.mat;NC2_U.csv;NC2_V.csv;NC2_X.csv;NC2_Y.csv;meta_data.json,317.0,39.0,22.08,False,metadata_only,75.0,27.0,75.0,27.0,75.0,27.0,75.0,27.0,,,,,,,,,,,,,,,,,,,,,,,,,,,,,,,,,,,,,,,,,,,,,,,,,,,,,,,,,,,,,,,,,,,,,,,,,,,,,,,,,,,,,,,,,,,,,,,,,,,,,,,,,,,,,,,,,,,,,,,,,,,,,,,,
2025_05_20/3,2025_05_20,3,True,True,6,,,2025_05_20/3/NC3_U.csv,,,2025_05_20/3/NC3_V.csv,,,2025_05_20/3/NC3_X.csv,,,2025_05_20/3/NC3_Y.csv,2025_05_20/3/meta_data.json,repaired,"Expecting ',' delimiter: line 5 column 2 (char 90)",05/22/2025,14:59,05/22/2025,20:35,318.0,187.0,248.0,22.08,180.0,170.0,160.0,57.0,05202025_NC3_TransientWorkspace.mat;NC3_U.csv;NC3_V.csv;NC3_X.csv;NC3_Y.csv;meta_data.json,318.0,57.0,22.08,False,metadata_only,,,,,,,,,75.0,27.0,75.0,27.0,75.0,27.0,75.0,27.0,,,,,,,,,,,,,,,,,,,,,,,,,,,,,,,,,,,,,,,,,,,,,,,,,,,,,,,,,,,,,,,,,,,,,,,,,,,,,,,,,,,,,,,,,,,,,,,,,,,,,,,,,,,,,,,,,,,,,,,,
2025_05_20/4,2025_05_20,4,True,True,6,,,2025_05_20/4/NC4_U.csv,,,2025_05_20/4/NC4_V.csv,,,2025_05_20/4/NC4_X.csv,,,2025_05_20/4/NC4_Y.csv,2025_05_20/4/meta_data.json,repaired,"Expecting ',' delimiter: line 5 column 2 (char 90)",05/22/2025,20:49,05/23/2025,04:47,325.0,187.0,248.0,22.08,180.0,170.0,160.0,75.0,05202025_NC4_TransientWorkspace.mat;NC4_U.csv;NC4_V.csv;NC4_X.csv;NC4_Y.csv;meta_data.json,325.0,75.0,22.08,False,metadata_only,,,,,,,,,,,,,,,,,75.0,25.0,75.0,25.0,75.0,25.0,75.0,25.0,,,,,,,,,,,,,,,,,,,,,,,,,,,,,,,,,,,,,,,,,,,,,,,,,,,,,,,,,,,,,,,,,,,,,,,,,,,,,,,,,,,,,,,,,,,,,,,,,,,,,,,,,,,,,,,,
2025_06_19/1,2025_06_19,1,True,True,7,76.0,28.0,2025_06_19/1/NC1_U.csv,76.0,28.0,2025_06_19/1/NC1_V.csv,76.0,28.0,2025_06_19/1/NC1_X.csv,76.0,28.0,2025_06_19/1/NC1_Y.csv,2025_06_19/1/meta_data.json,repaired,"Expecting ',' delimiter: line 5 column 2 (char 90)",06/20/2025,17:55,06/21/2025,09:01,257.0,250.0,320.0,9.24,180.0,170.0,160.0,30.0,06192025_NC1_FiberOpticWorkspace.mat;06192025_NC1_TransientWorkspace.mat;NC1_U.csv;NC1_V.csv;NC1_X.csv;NC1_Y.csv;meta_data.json,257.0,30.0,9.24,False,metadata_only,,,,,,,,,,,,,,,,,,,,,,,,,,,,,,,,,,,,,,,,,,,,,,,,,,,,,,,,,,,,,,,,,,,,,,,,,,,,,,,,,,,,,,,,,,,,,,,,,,,,,,,,,,,,,,,,,,,,,,,,,,,,,,,,,,,,,,,,
2025_06_19/10,2025_06_19,10,True,True,7,,,2025_06_19/10/NC10_U.csv,,,2025_06_19/10/NC10_V.csv,,,2025_06_19/10/NC10_X.csv,,,2025_06_19/10/NC10_Y.csv,2025_06_19/10/meta_data.json,repaired,"Expecting ',' delimiter: line 5 column 2 (char 90)",06/29/2025,13:23,06/29/2025,19:04,353.0,250.0,320.0,22.8,240.0,200.0,200.0,35.0,06192025_NC10_FiberOpticWorkspace.mat;06192025_NC10_TransientWorkspace.mat;NC10_U.csv;NC10_V.csv;NC10_X.csv;NC10_Y.csv;meta_data.json,353.0,35.0,22.8,False,metadata_only,,,,,,,,,,,,,,,,,,,,,,,,,,,,,,,,,,,,,,,,,,,,,,,,,,,,,,,,,77.0,27.0,77.0,27.0,77.0,27.0,77.0,27.0,,,,,,,,,,,,,,,,,,,,,,,,,,,,,,,,,,,,,,,,,,,,,,,,,,,,,,,,,,,,,,,,,,,,,,,,
2025_06_19/11,2025_06_19,11,True,True,7,,,2025_06_19/11/NC11_U.csv,,,2025_06_19/11/NC11_V.csv,,,2025_06_19/11/NC11_X.csv,,,2025_06_19/11/NC11_Y.csv,2025_06_19/11/meta_data.json,repaired,"Expecting ',' delimiter: line 5 column 2 (char 90)",06/29/2025,19:15,06/30/2025,10:21,401.0,250.0,320.0,22.8,240.0,200.0,200.0,35.0,06192025_NC11_FiberOpticWorkspace.mat;06192025_NC11_TransientWorkspace.mat;NC11_U.csv;NC11_V.csv;NC11_X.csv;NC11_Y.csv;meta_data.json,401.0,35.0,22.8,False,metadata_only,,,,,,,,,,,,,,,,,,,,,,,,,,,,,,,,,,,,,,,,,,,,,,,,,,,,,,,,,,,,,,,,,76.0,27.0,76.0,27.0,76.0,27.0,76.0,27.0,,,,,,,,,,,,,,,,,,,,,,,,,,,,,,,,,,,,,,,,,,,,,,,,,,,,,,,,,,,,,,,,
2025_06_19/12,2025_06_19,12,True,True,7,,,2025_06_19/12/NC12_U.csv,,,2025_06_19/12/NC12_V.csv,,,2025_06_19/12/NC12_X.csv,,,2025_06_19/12/NC12_Y.csv,2025_06_19/12/meta_data.json,repaired,"Expecting ',' delimiter: line 5 column 2 (char 90)",06/30/2025,10:29,06/30/2025,16:28,402.0,250.0,320.0,22.8,240.0,200.0,200.0,45.0,06192025_NC12_FiberOpticWorkspace.mat;06192025_NC12_TransientWorkspace.mat;NC12_U.csv;NC12_V.csv;NC12_X.csv;NC12_Y.csv;meta_data.json,402.0,45.0,22.8,False,metadata_only,,,,,,,,,,,,,,,,,,,,,,,,,,,,,,,,,,,,,,,,,,,,,,,,,,,,,,,,,,,,,,,,,,,,,,,,,76.0,27.0,76.0,27.0,76.0,27.0,76.0,27.0,,,,,,,,,,,,,,,,,,,,,,,,,,,,,,,,,,,,,,,,,,,,,,,,,,,,,,,,
2025_06_19/13,2025_06_19,13,True,True,7,,,2025_06_19/13/NC13_U.csv,,,2025_06_19/13/NC13_V.csv,,,2025_06_19/13/NC13_X.csv,,,2025_06_19/13/NC13_Y.csv,2025_06_19/13/meta_data.json,repaired,"Expecting ',' delimiter: line 5 column 2 (char 90)",07/01/2025,09:45,07/01/2025,14:44,200.0,200.0,320.0,22.8,240.0,250.0,200.0,35.0,06192025_NC13_FiberOpticWorkspace.mat;06192025_NC13_TransientWorkspace.mat;NC13_U.csv;NC13_V.csv;NC13_X.csv;NC13_Y.csv;meta_data.json,200.0,35.0,22.8,False,metadata_only,,,,,,,,,,,,,,,,,,,,,,,,,,,,,,,,,,,,,,,,,,,,,,,,,,,,,,,,,,,,,,,,,,,,,,,,,,,,,,,,,76.0,27.0,76.0,27.0,76.0,27.0,76.0,27.0,,,,,,,,,,,,,,,,,,,,,,,,,,,,,,,,,,,,,,,,,,,,,,,,
2025_06_19/14,2025_06_19,14,True,True,7,,,2025_06_19/14/NC14_U.csv,,,2025_06_19/14/NC14_V.csv,,,2025_06_19/14/NC14_X.csv,,,2025_06_19/14/NC14_Y.csv,2025_06_19/14/meta_data.json,repaired,"Expecting ',' delimiter: line 5 column 2 (char 90)",07/01/2025,09:45,07/01/2025,16:10,200.0,200.0,320.0,22.8,240.0,250.0,200.0,35.0,06192025_NC14_FiberOpticWorkspace.mat;06192025_NC14_TransientWorkspace.mat;NC14_U.csv;NC14_V.csv;NC14_X.csv;NC14_Y.csv;meta_data.json,200.0,35.0,22.8,False,metadata_only,,,,,,,,,,,,,,,,,,,,,,,,,,,,,,,,,,,,,,,,,,,,,,,,,,,,,,,,,,,,,,,,,,,,,,,,,,,,,,,,,,,,,,,,,76.0,27.0,76.0,27.0,76.0,27.0,76.0,27.0,,,,,,,,,,,,,,,,,,,,,,,,,,,,,,,,,,,,,,,,
2025_06_19/15,2025_06_19,15,True,True,7,,,2025_06_19/15/NC15_U.csv,,,2025_06_19/15/NC15_V.csv,,,2025_06_19/15/NC15_X.csv,,,2025_06_19/15/NC15_Y.csv,2025_06_19/15/meta_data.json,repaired,"Expecting ',' delimiter: line 5 column 2 (char 90)",07/01/2025,16:52,07/02/2025,09:48,250.0,250.0,320.0,22.8,260.0,260.0,190.0,35.0,06192025_NC15_FiberOpticWorkspace.mat;06192025_NC15_TransientWorkspace.mat;NC15_U.csv;NC15_V.csv;NC15_X.csv;NC15_Y.csv;meta_data.json,250.0,35.0,22.8,False,metadata_only,,,,,,,,,,,,,,,,,,,,,,,,,,,,,,,,,,,,,,,,,,,,,,,,,,,,,,,,,,,,,,,,,,,,,,,,,,,,,,,,,,,,,,,,,,,,,,,,,76.0,27.0,76.0,27.0,76.0,27.0,76.0,27.0,,,,,,,,,,,,,,,,,,,,,,,,,,,,,,,,
2025_06_19/16,2025_06_19,16,True,True,7,,,2025_06_19/16/NC16_U.csv,,,2025_06_19/16/NC16_V.csv,,,2025_06_19/16/NC16_X.csv,,,2025_06_19/16/NC16_Y.csv,2025_06_19/16/meta_data.json,repaired,"Expecting ',' delimiter: line 5 column 2 (char 90)",07/02/2025,14:56,07/03/2025,09:57,300.0,300.0,320.0,22.8,280.0,280.0,190.0,35.0,06192025_NC16_FiberOpticWorkspace.mat;06192025_NC16_TransientWorkspace.mat;NC16_U.csv;NC16_V.csv;NC16_X.csv;NC16_Y.csv;meta_data.json,300.0,35.0,22.8,False,metadata_only,,,,,,,,,,,,,,,,,,,,,,,,,,,,,,,,,,,,,,,,,,,,,,,,,,,,,,,,,,,,,,,,,,,,,,,,,,,,,,,,,,,,,,,,,,,,,,,,,,,,,,,,,76.0,28.0,76.0,28.0,76.0,28.0,76.0,28.0,,,,,,,,,,,,,,,,,,,,,,,,
2025_06_19/17,2025_06_19,17,True,True,7,,,2025_06_19/17/NC17_U.csv,,,2025_06_19/17/NC17_V.csv,,,2025_06_19/17/NC17_X.csv,,,2025_06_19/17/NC17_Y.csv,2025_06_19/17/meta_data.json,repaired,"Expecting ',' delimiter: line 5 column 2 (char 90)",07/03/2025,10:00,07/03/2025,17:36,300.0,300.0,320.0,22.8,300.0,300.0,190.0,35.0,06192025_NC17_FiberOpticWorkspace.mat;06192025_NC17_TransientWorkspace.mat;NC17_U.csv;NC17_V.csv;NC17_X.csv;NC17_Y.csv;meta_data.json,300.0,35.0,22.8,False,metadata_only,,,,,,,,,,,,,,,,,,,,,,,,,,,,,,,,,,,,,,,,,,,,,,,,,,,,,,,,,,,,,,,,,,,,,,,,,,,,,,,,,,,,,,,,,,,,,,,,,,,,,,,,,,,,,,,,,76.0,28.0,76.0,28.0,76.0,28.0,76.0,28.0,,,,,,,,,,,,,,,,
2025_06_19/2,2025_06_19,2,True,True,7,,,2025_06_19/2/NC2_U.csv,,,2025_06_19/2/NC2_V.csv,,,2025_06_19/2/NC2_X.csv,,,2025_06_19/2/NC2_Y.csv,2025_06_19/2/meta_data.json,repaired,"Expecting ',' delimiter: line 5 column 2 (char 90)",06/25/2025,16:54,06/25/2025,19:01,300.0,250.0,320.0,22.8,200.0,200.0,200.0,36.0,06192025_NC2_FiberOpticWorkspace.mat;06192025_NC2_TransientWorkspace.mat;NC2_U.csv;NC2_V.csv;NC2_X.csv;NC2_Y.csv;meta_data.json,300.0,36.0,22.8,False,metadata_only,76.0,28.0,76.0,28.0,76.0,28.0,76.0,28.0,,,,,,,,,,,,,,,,,,,,,,,,,,,,,,,,,,,,,,,,,,,,,,,,,,,,,,,,,,,,,,,,,,,,,,,,,,,,,,,,,,,,,,,,,,,,,,,,,,,,,,,,,,,,,,,,,,,,,,,,,,,,,,,,
2025_06_19/3,2025_06_19,3,True,True,7,,,2025_06_19/3/NC3_U.csv,,,2025_06_19/3/NC3_V.csv,,,2025_06_19/3/NC3_X.csv,,,2025_06_19/3/NC3_Y.csv,2025_06_19/3/meta_data.json,repaired,"Expecting ',' delimiter: line 5 column 2 (char 90)",06/25/2025,16:54,06/26/2025,08:51,314.0,250.0,320.0,22.8,200.0,200.0,200.0,36.0,06192025_NC3_FiberOpticWorkspace.mat;06192025_NC3_TransientWorkspace.mat;NC3_U.csv;NC3_V.csv;NC3_X.csv;NC3_Y.csv;meta_data.json,314.0,36.0,22.8,False,metadata_only,,,,,,,,,76.0,28.0,76.0,28.0,76.0,28.0,76.0,28.0,,,,,,,,,,,,,,,,,,,,,,,,,,,,,,,,,,,,,,,,,,,,,,,,,,,,,,,,,,,,,,,,,,,,,,,,,,,,,,,,,,,,,,,,,,,,,,,,,,,,,,,,,,,,,,,,,,,,,,,,
2025_06_19/4,2025_06_19,4,True,True,7,,,2025_06_19/4/NC4_U.csv,,,2025_06_19/4/NC4_V.csv,,,2025_06_19/4/NC4_X.csv,,,2025_06_19/4/NC4_Y.csv,2025_06_19/4/meta_data.json,repaired,"Expecting ',' delimiter: line 5 column 2 (char 90)",06/26/2025,09:16,06/26/2025,16:49,345.0,250.0,320.0,22.8,200.0,200.0,200.0,36.0,06192025_NC4_FiberOpticWorkspace.mat;06192025_NC4_TransientWorkspace.mat;NC4_U.csv;NC4_V.csv;NC4_X.csv;NC4_Y.csv;meta_data.json,345.0,36.0,22.8,False,metadata_only,,,,,,,,,,,,,,,,,75.0,26.0,75.0,26.0,75.0,26.0,75.0,26.0,,,,,,,,,,,,,,,,,,,,,,,,,,,,,,,,,,,,,,,,,,,,,,,,,,,,,,,,,,,,,,,,,,,,,,,,,,,,,,,,,,,,,,,,,,,,,,,,,,,,,,,,,,,,,,,,
2025_06_19/5,2025_06_19,5,True,True,7,,,2025_06_19/5/NC5_U.csv,,,2025_06_19/5/NC5_V.csv,,,2025_06_19/5/NC5_X.csv,,,2025_06_19/5/NC5_Y.csv,2025_06_19/5/meta_data.json,repaired,"Expecting ',' delimiter: line 5 column 2 (char 90)",06/26/2025,17:16,06/27/2025,11:23,398.0,250.0,320.0,22.8,200.0,200.0,200.0,36.0,06192025_NC5_FiberOpticWorkspace.mat;06192025_NC5_TransientWorkspace.mat;NC5_U.csv;NC5_V.csv;NC5_X.csv;NC5_Y.csv;meta_data.json,398.0,36.0,22.8,False,metadata_only,,,,,,,,,,,,,,,,,,,,,,,,,76.0,29.0,76.0,29.0,76.0,29.0,76.0,29.0,,,,,,,,,,,,,,,,,,,,,,,,,,,,,,,,,,,,,,,,,,,,,,,,,,,,,,,,,,,,,,,,,,,,,,,,,,,,,,,,,,,,,,,,,,,,,,,,,,,,,,,,
2025_06_19/6,2025_06_19,6,True,True,7,,,2025_06_19/6/NC6_U.csv,,,2025_06_19/6/NC6_V.csv,,,2025_06_19/6/NC6_X.csv,,,2025_06_19/6/NC6_Y.csv,2025_06_19/6/meta_data.json,repaired,"Expecting ',' delimiter: line 5 column 2 (char 90)",06/27/2025,12:17,06/27/2025,16:27,297.0,250.0,320.0,22.8,220.0,200.0,200.0,35.0,06192025_NC6_FiberOpticWorkspace.mat;06192025_NC6_TransientWorkspace.mat;NC6_U.csv;NC6_V.csv;NC6_X.csv;NC6_Y.csv;meta_data.json,297.0,35.0,22.8,False,metadata_only,,,,,,,,,,,,,,,,,,,,,,,,,,,,,,,,,77.0,28.0,77.0,28.0,77.0,28.0,77.0,28.0,,,,,,,,,,,,,,,,,,,,,,,,,,,,,,,,,,,,,,,,,,,,,,,,,,,,,,,,,,,,,,,,,,,,,,,,,,,,,,,,,,,,,,,,,,,,,,,,
2025_06_19/7,2025_06_19,7,True,True,7,,,2025_06_19/7/NC7_U.csv,,,2025_06_19/7/NC7_V.csv,,,2025_06_19/7/NC7_X.csv,,,2025_06_19/7/NC7_Y.csv,2025_06_19/7/meta_data.json,repaired,"Expecting ',' delimiter: line 5 column 2 (char 90)",06/27/2025,18:13,06/28/2025,09:00,353.0,250.0,320.0,22.8,220.0,200.0,200.0,36.0,06192025_NC7_FiberOpticWorkspace.mat;06192025_NC7_TransientWorkspace.mat;NC7_U.csv;NC7_V.csv;NC7_X.csv;NC7_Y.csv;meta_data.json,353.0,36.0,22.8,False,metadata_only,,,,,,,,,,,,,,,,,,,,,,,,,,,,,,,,,,,,,,,,,77.0,28.0,77.0,28.0,77.0,28.0,77.0,28.0,,,,,,,,,,,,,,,,,,,,,,,,,,,,,,,,,,,,,,,,,,,,,,,,,,,,,,,,,,,,,,,,,,,,,,,,,,,,,,,,,,,,,,,,
2025_06_19/8,2025_06_19,8,True,True,7,,,2025_06_19/8/NC8_U.csv,,,2025_06_19/8/NC8_V.csv,,,2025_06_19/8/NC8_X.csv,,,2025_06_19/8/NC8_Y.csv,2025_06_19/8/meta_data.json,repaired,"Expecting ',' delimiter: line 5 column 2 (char 90)",06/28/2025,09:08,06/28/2025,21:07,401.0,250.0,320.0,22.8,220.0,200.0,200.0,36.0,06192025_NC8_FiberOpticWorkspace.mat;06192025_NC8_TransientWorkspace.mat;NC8_U.csv;NC8_V.csv;NC8_X.csv;NC8_Y.csv;meta_data.json,401.0,36.0,22.8,False,metadata_only,,,,,,,,,,,,,,,,,,,,,,,,,,,,,,,,,,,,,,,,,,,,,,,,,,,,,,,,,,,,,,,,,,,,,,,,,,,,,,,,,,,,,,,,,,,,,,,,,,,,,,,,,,,,,,,,,,,,,,,,,77.0,28.0,77.0,28.0,77.0,28.0,77.0,28.0,,,,,,,,
2025_06_19/9,2025_06_19,9,True,True,7,,,2025_06_19/9/NC9_U.csv,,,2025_06_19/9/NC9_V.csv,,,2025_06_19/9/NC9_X.csv,,,2025_06_19/9/NC9_Y.csv,2025_06_19/9/meta_data.json,repaired,"Expecting ',' delimiter: line 5 column 2 (char 90)",06/28/2025,21:12,06/29/2025,13:14,297.0,250.0,320.0,22.8,240.0,200.0,200.0,36.0,06192025_NC9_FiberOpticWorkspace.mat;06192025_NC9_TransientWorkspace.mat;NC9_U.csv;NC9_V.csv;NC9_X.csv;NC9_Y.csv;meta_data.json,297.0,36.0,22.8,False,metadata_only,,,,,,,,,,,,,,,,,,,,,,,,,,,,,,,,,,,,,,,,,,,,,,,,,,,,,,,,,,,,,,,,,,,,,,,,,,,,,,,,,,,,,,,,,,,,,,,,,,,,,,,,,,,,,,,,,,,,,,,,,,,,,,,,,76.0,28.0,76.0,28.0,76.0,28.0,76.0,28.0
2025_12_30/1,2025_12_30,1,True,True,2,,,,,,,,,,,,,2025_12_30/1/meta_data.json,valid,,01/03/2025,12:18,01/04/2025,10:36,365.0,100.0,340.0,0.0,400.0,180.0,180.0,22.0,NC1_TransientWorkspace.mat;meta_data.json,365.0,22.0,0.0,False,metadata_only,,,,,,,,,,,,,,,,,,,,,,,,,,,,,,,,,,,,,,,,,,,,,,,,,,,,,,,,,,,,,,,,,,,,,,,,,,,,,,,,,,,,,,,,,,,,,,,,,,,,,,,,,,,,,,,,,,,,,,,,,,,,,,,,,,,,,,,,
2025_12_30/2,2025_12_30,2,True,True,2,,,,,,,,,,,,,2025_12_30/2/meta_data.json,valid,,01/04/2025,10:36,01/05/2025,10:46,355.0,100.0,340.0,1000.0,400.0,180.0,180.0,21.0,NC2_TransientWorkspace.mat;meta_data.json,355.0,21.0,1000.0,False,metadata_only,,,,,,,,,,,,,,,,,,,,,,,,,,,,,,,,,,,,,,,,,,,,,,,,,,,,,,,,,,,,,,,,,,,,,,,,,,,,,,,,,,,,,,,,,,,,,,,,,,,,,,,,,,,,,,,,,,,,,,,,,,,,,,,,,,,,,,,,
2025_12_30/3,2025_12_30,3,True,True,2,,,,,,,,,,,,,2025_12_30/3/meta_data.json,valid,,01/05/2025,10:48,01/05/2025,20:13,430.0,100.0,340.0,0.0,400.0,180.0,180.0,21.0,NC3_TransientWorkspace.mat;meta_data.json,430.0,21.0,0.0,False,metadata_only,,,,,,,,,,,,,,,,,,,,,,,,,,,,,,,,,,,,,,,,,,,,,,,,,,,,,,,,,,,,,,,,,,,,,,,,,,,,,,,,,,,,,,,,,,,,,,,,,,,,,,,,,,,,,,,,,,,,,,,,,,,,,,,,,,,,,,,,
2025_12_30/4,2025_12_30,4,True,True,2,,,,,,,,,,,,,2025_12_30/4/meta_data.json,valid,,01/05/2025,20:14,01/06/2025,14:26,428.0,100.0,340.0,0.0,400.0,180.0,180.0,42.0,NC4_TransientWorkspace.mat;meta_data.json,428.0,42.0,0.0,False,metadata_only,,,,,,,,,,,,,,,,,,,,,,,,,,,,,,,,,,,,,,,,,,,,,,,,,,,,,,,,,,,,,,,,,,,,,,,,,,,,,,,,,,,,,,,,,,,,,,,,,,,,,,,,,,,,,,,,,,,,,,,,,,,,,,,,,,,,,,,,
2025_12_30/5,2025_12_30,5,True,True,2,,,,,,,,,,,,,2025_12_30/5/meta_data.json,valid,,01/06/2025,14:27,01/06/2025,18:00,426.0,100.0,340.0,0.0,400.0,180.0,180.0,63.0,NC5_TransientWorkspace.mat;meta_data.json,426.0,63.0,0.0,False,metadata_only,,,,,,,,,,,,,,,,,,,,,,,,,,,,,,,,,,,,,,,,,,,,,,,,,,,,,,,,,,,,,,,,,,,,,,,,,,,,,,,,,,,,,,,,,,,,,,,,,,,,,,,,,,,,,,,,,,,,,,,,,,,,,,,,,,,,,,,,
Jadyn_runs/Experimental Data/2,Jadyn_runs,2,False,False,4,,,Jadyn_runs/Experimental Data/2/NC2_U.csv,,,Jadyn_runs/Experimental Data/2/NC2_V.csv,,,Jadyn_runs/Experimental Data/2/NC2_X.csv,,,Jadyn_runs/Experimental Data/2/NC2_Y.csv,,,,,,,,,,,,,,,,NC2_U.csv;NC2_V.csv;NC2_X.csv;NC2_Y.csv,,,,False,metadata_only,99.0,52.0,99.0,52.0,99.0,52.0,99.0,52.0,,,,,,,,,,,,,,,,,,,,,,,,,,,,,,,,,,,,,,,,,,,,,,,,,,,,,,,,,,,,,,,,,,,,,,,,,,,,,,,,,,,,,,,,,,,,,,,,,,,,,,,,,,,,,,,,,,,,,,,,,,,,,,,,
Jadyn_runs/Experimental Data/3,Jadyn_runs,3,False,False,4,,,Jadyn_runs/Experimental Data/3/NC2_U.csv,,,Jadyn_runs/Experimental Data/3/NC2_V.csv,,,Jadyn_runs/Experimental Data/3/NC2_X.csv,,,Jadyn_runs/Experimental Data/3/NC2_Y.csv,,,,,,,,,,,,,,,,NC2_U.csv;NC2_V.csv;NC2_X.csv;NC2_Y.csv,,,,False,metadata_only,99.0,52.0,99.0,52.0,99.0,52.0,99.0,52.0,,,,,,,,,,,,,,,,,,,,,,,,,,,,,,,,,,,,,,,,,,,,,,,,,,,,,,,,,,,,,,,,,,,,,,,,,,,,,,,,,,,,,,,,,,,,,,,,,,,,,,,,,,,,,,,,,,,,,,,,,,,,,,,,
Jadyn_runs/Experimental Data/4,Jadyn_runs,4,False,False,4,,,Jadyn_runs/Experimental Data/4/NC4_U.csv,,,Jadyn_runs/Experimental Data/4/NC4_V.csv,,,Jadyn_runs/Experimental Data/4/NC4_X.csv,,,Jadyn_runs/Experimental Data/4/NC4_Y.csv,,,,,,,,,,,,,,,,NC4_U.csv;NC4_V.csv;NC4_X.csv;NC4_Y.csv,,,,False,metadata_only,,,,,,,,,,,,,,,,,99.0,54.0,99.0,54.0,99.0,54.0,99.0,54.0,,,,,,,,,,,,,,,,,,,,,,,,,,,,,,,,,,,,,,,,,,,,,,,,,,,,,,,,,,,,,,,,,,,,,,,,,,,,,,,,,,,,,,,,,,,,,,,,,,,,,,,,,,,,,,,,
Jadyn_runs/Experimental Data/5,Jadyn_runs,5,False,False,4,,,Jadyn_runs/Experimental Data/5/NC5_U.csv,,,Jadyn_runs/Experimental Data/5/NC5_V.csv,,,Jadyn_runs/Experimental Data/5/NC5_X.csv,,,Jadyn_runs/Experimental Data/5/NC5_Y.csv,,,,,,,,,,,,,,,,NC5_U.csv;NC5_V.csv;NC5_X.csv;NC5_Y.csv,,,,False,metadata_only,,,,,,,,,,,,,,,,,,,,,,,,,99.0,54.0,99.0,54.0,99.0,54.0,99.0,54.0,,,,,,,,,,,,,,,,,,,,,,,,,,,,,,,,,,,,,,,,,,,,,,,,,,,,,,,,,,,,,,,,,,,,,,,,,,,,,,,,,,,,,,,,,,,,,,,,,,,,,,,,
Jadyn_runs/Experimental Data/6,Jadyn_runs,6,False,False,4,,,Jadyn_runs/Experimental Data/6/NC6_U.csv,,,Jadyn_runs/Experimental Data/6/NC6_V.csv,,,Jadyn_runs/Experimental Data/6/NC6_X.csv,,,Jadyn_runs/Experimental Data/6/NC6_Y.csv,,,,,,,,,,,,,,,,NC6_U.csv;NC6_V.csv;NC6_X.csv;NC6_Y.csv,,,,False,metadata_only,,,,,,,,,,,,,,,,,,,,,,,,,,,,,,,,,99.0,54.0,99.0,54.0,99.0,54.0,99.0,54.0,,,,,,,,,,,,,,,,,,,,,,,,,,,,,,,,,,,,,,,,,,,,,,,,,,,,,,,,,,,,,,,,,,,,,,,,,,,,,,,,,,,,,,,,,,,,,,,,
Jadyn_runs/Experimental Data/7,Jadyn_runs,7,False,False,4,,,Jadyn_runs/Experimental Data/7/NC7_U.csv,,,Jadyn_runs/Experimental Data/7/NC7_V.csv,,,Jadyn_runs/Experimental Data/7/NC7_X.csv,,,Jadyn_runs/Experimental Data/7/NC7_Y.csv,,,,,,,,,,,,,,,,NC7_U.csv;NC7_V.csv;NC7_X.csv;NC7_Y.csv,,,,False,metadata_only,,,,,,,,,,,,,,,,,,,,,,,,,,,,,,,,,,,,,,,,,99.0,54.0,99.0,54.0,99.0,54.0,99.0,54.0,,,,,,,,,,,,,,,,,,,,,,,,,,,,,,,,,,,,,,,,,,,,,,,,,,,,,,,,,,,,,,,,,,,,,,,,,,,,,,,,,,,,,,,,
Jadyn_runs/Experimental Data/8,Jadyn_runs,8,False,False,4,,,Jadyn_runs/Experimental Data/8/NC8_U.csv,,,Jadyn_runs/Experimental Data/8/NC8_V.csv,,,Jadyn_runs/Experimental Data/8/NC8_X.csv,,,Jadyn_runs/Experimental Data/8/NC8_Y.csv,,,,,,,,,,,,,,,,NC8_U.csv;NC8_V.csv;NC8_X.csv;NC8_Y.csv,,,,False,metadata_only,,,,,,,,,,,,,,,,,,,,,,,,,,,,,,,,,,,,,,,,,,,,,,,,,,,,,,,,,,,,,,,,,,,,,,,,,,,,,,,,,,,,,,,,,,,,,,,,,,,,,,,,,,,,,,,,,,,,,,,,,99.0,54.0,99.0,54.0,99.0,54.0,99.0,54.0,,,,,,,,
Jadyn_runs/Experimental Data/9,Jadyn_runs,9,False,False,4,,,Jadyn_runs/Experimental Data/9/NC9_U.csv,,,Jadyn_runs/Experimental Data/9/NC9_V.csv,,,Jadyn_runs/Experimental Data/9/NC9_X.csv,,,Jadyn_runs/Experimental Data/9/NC9_Y.csv,,,,,,,,,,,,,,,,NC9_U.csv;NC9_V.csv;NC9_X.csv;NC9_Y.csv,,,,False,metadata_only,,,,,,,,,,,,,,,,,,,,,,,,,,,,,,,,,,,,,,,,,,,,,,,,,,,,,,,,,,,,,,,,,,,,,,,,,,,,,,,,,,,,,,,,,,,,,,,,,,,,,,,,,,,,,,,,,,,,,,,,,,,,,,,,,99.0,54.0,99.0,54.0,99.0,54.0,99.0,54.0
