source_id,patch_name,leg_group,thermal_role,section_name,section_progress_0to1,station_name,T_w_k,T_bulk_k,deltaT_fw_k,wallHeatFlux_w_m2,q_total_w,patch_area_m2,h_internal_w_m2K,Nu_internal,Nu_ref_field,mdot_kg_s,abs_mdot_kg_s,areaAverage_p_rgh_pa
val_salt_test_2_coarse_mesh_laminar,junction_lower_left,junctions,junction,junctions,0.0,,,,,,-1.148139514,,,,,,,
val_salt_test_2_coarse_mesh_laminar,junction_lower_left_left_extension,junctions,junction,junctions,0.05,,,,,,-0.8453345195,,,,,,,
val_salt_test_2_coarse_mesh_laminar,junction_lower_left_left_step,junctions,junction,junctions,0.1,,,,,,0.0,,,,,,,
val_salt_test_2_coarse_mesh_laminar,junction_lower_left_left_stub,junctions,junction,junctions,0.15,,,,,,-5.347494101,,,,,,,
val_salt_test_2_coarse_mesh_laminar,junction_lower_left_lower_extension,junctions,junction,junctions,0.2,,,,,,-0.2656661354,,,,,,,
val_salt_test_2_coarse_mesh_laminar,junction_lower_left_lower_stub,junctions,junction,junctions,0.25,,,,,,-0.5402157363,,,,,,,
val_salt_test_2_coarse_mesh_laminar,junction_lower_right,junctions,junction,junctions,0.3,,,,,,-1.150395362,,,,,,,
val_salt_test_2_coarse_mesh_laminar,junction_lower_right_lower_extension,junctions,junction,junctions,0.35,,,,,,-0.6245568241,,,,,,,
val_salt_test_2_coarse_mesh_laminar,junction_lower_right_lower_stub,junctions,junction,junctions,0.4,,,,,,-0.3824057003,,,,,,,
val_salt_test_2_coarse_mesh_laminar,junction_lower_right_right_extension,junctions,junction,junctions,0.45,,,,,,-0.8097609531,,,,,,,
val_salt_test_2_coarse_mesh_laminar,junction_lower_right_right_step,junctions,junction,junctions,0.5,,,,,,0.0,,,,,,,
val_salt_test_2_coarse_mesh_laminar,junction_lower_right_right_stub,junctions,junction,junctions,0.55,,,,,,-5.108408383,,,,,,,
val_salt_test_2_coarse_mesh_laminar,junction_upper_left,junctions,junction,junctions,0.6,,,,,,-1.197630604,,,,,,,
val_salt_test_2_coarse_mesh_laminar,junction_upper_left_upper_extension,junctions,junction,junctions,0.65,,,,,,-4.610249361,,,,,,,
val_salt_test_2_coarse_mesh_laminar,junction_upper_left_upper_stub,junctions,junction,junctions,0.7,,,,,,-4.10458517,,,,,,,
val_salt_test_2_coarse_mesh_laminar,junction_upper_right,junctions,junction,junctions,0.75,,,,,,-1.228101505,,,,,,,
val_salt_test_2_coarse_mesh_laminar,junction_upper_right_right_extension,junctions,junction,junctions,0.8,,,,,,-0.8794214987,,,,,,,
val_salt_test_2_coarse_mesh_laminar,junction_upper_right_right_step,junctions,junction,junctions,0.85,,,,,,0.0,,,,,,,
val_salt_test_2_coarse_mesh_laminar,junction_upper_right_right_stub,junctions,junction,junctions,0.9,,,,,,-5.804414031,,,,,,,
val_salt_test_2_coarse_mesh_laminar,junction_upper_right_upper_extension,junctions,junction,junctions,0.95,,,,,,-2.196330867,,,,,,,
val_salt_test_2_coarse_mesh_laminar,junction_upper_right_upper_stub,junctions,junction,junctions,1.0,,,,,,-4.707496414,,,,,,,
val_salt_test_2_coarse_mesh_laminar,pipeleg_lower_01_fitting,lower_leg,transport,lower_transport,0.0,mdot_pipeleg_lower_05_straight,,454.7575496018523,,,-0.9832177141,,,,,-0.013655755579868005,0.013655755579868005,0.5058372630477427
val_salt_test_2_coarse_mesh_laminar,pipeleg_lower_02_straight,lower_leg,transport,lower_transport,0.125,mdot_pipeleg_lower_05_straight,,454.7575496018523,,,-2.133212528,,,,,-0.013655755579868005,0.013655755579868005,0.5058372630477427
val_salt_test_2_coarse_mesh_laminar,pipeleg_lower_03_bend,lower_leg,transport,lower_transport,0.25,mdot_pipeleg_lower_05_straight,,454.7575496018523,,,-0.2765382226,,,,,-0.013655755579868005,0.013655755579868005,0.5058372630477427
val_salt_test_2_coarse_mesh_laminar,pipeleg_lower_04_straight,lower_leg,heater,heater_branch,0.375,mdot_pipeleg_lower_05_straight,,454.7575496018523,,,81.36976634,,,,,-0.013655755579868005,0.013655755579868005,0.5058372630477427
val_salt_test_2_coarse_mesh_laminar,pipeleg_lower_05_straight,lower_leg,heater,heater_branch,0.5,mdot_pipeleg_lower_05_straight,,454.7575496018523,,,81.52597379,,,,,-0.013655755579868005,0.013655755579868005,0.5058372630477427
val_salt_test_2_coarse_mesh_laminar,pipeleg_lower_06_straight,lower_leg,heater,heater_branch,0.625,mdot_pipeleg_lower_05_straight,,454.7575496018523,,,81.78740867,,,,,-0.013655755579868005,0.013655755579868005,0.5058372630477427
val_salt_test_2_coarse_mesh_laminar,pipeleg_lower_07_bend,lower_leg,transport,lower_transport,0.75,mdot_pipeleg_lower_05_straight,,454.7575496018523,,,-0.2270004963,,,,,-0.013655755579868005,0.013655755579868005,0.5058372630477427
val_salt_test_2_coarse_mesh_laminar,pipeleg_lower_08_straight,lower_leg,transport,lower_transport,0.875,mdot_pipeleg_lower_05_straight,,454.7575496018523,,,-1.866686662,,,,,-0.013655755579868005,0.013655755579868005,0.5058372630477427
val_salt_test_2_coarse_mesh_laminar,pipeleg_lower_09_fitting,lower_leg,transport,lower_transport,1.0,mdot_pipeleg_lower_05_straight,,454.7575496018523,,,-0.8743867406,,,,,-0.013655755579868005,0.013655755579868005,0.5058372630477427
val_salt_test_2_coarse_mesh_laminar,pipeleg_right_01_lower,right_leg,transport,right_transport,0.0,mdot_pipeleg_right_02_middle,,449.60624529501695,,,-7.33062259,,,,,-0.013655696128703992,0.013655696128703992,4.869750832890784
val_salt_test_2_coarse_mesh_laminar,pipeleg_right_02_middle,right_leg,transport,right_transport,0.5,mdot_pipeleg_right_02_middle,,449.60624529501695,,,-7.364645423,,,,,-0.013655696128703992,0.013655696128703992,4.869750832890784
val_salt_test_2_coarse_mesh_laminar,pipeleg_right_03_upper,right_leg,transport,right_transport,1.0,mdot_pipeleg_right_02_middle,,449.60624529501695,,,-7.452938676,,,,,-0.013655696128703992,0.013655696128703992,4.869750832890784
val_salt_test_2_coarse_mesh_laminar,pipeleg_upper_01_straight,upper_leg,transport,upper_transport,0.0,mdot_pipeleg_upper_05_cooler,,454.7366075909891,,,-2.658614444,,,,,-0.013655808603825996,0.013655808603825996,15.568233563326894
val_salt_test_2_coarse_mesh_laminar,pipeleg_upper_02_bend,upper_leg,transport,upper_transport,0.125,mdot_pipeleg_upper_05_cooler,,454.7366075909891,,,-0.2277760649,,,,,-0.013655808603825996,0.013655808603825996,15.568233563326894
val_salt_test_2_coarse_mesh_laminar,pipeleg_upper_03_straight,upper_leg,transport,upper_transport,0.25,mdot_pipeleg_upper_05_cooler,,454.7366075909891,,,-2.809729738,,,,,-0.013655808603825996,0.013655808603825996,15.568233563326894
val_salt_test_2_coarse_mesh_laminar,pipeleg_upper_04_reducer,upper_leg,cooling_branch,cooling_branch,0.375,mdot_pipeleg_upper_05_cooler,,454.7366075909891,,,-16.138602,,,,,-0.013655808603825996,0.013655808603825996,15.568233563326894
val_salt_test_2_coarse_mesh_laminar,pipeleg_upper_05_cooler,upper_leg,cooling_branch,cooling_branch,0.5,mdot_pipeleg_upper_05_cooler,,454.7366075909891,,,-104.073536,,,,,-0.013655808603825996,0.013655808603825996,15.568233563326894
val_salt_test_2_coarse_mesh_laminar,pipeleg_upper_06_reducer,upper_leg,cooling_branch,cooling_branch,0.625,mdot_pipeleg_upper_05_cooler,,454.7366075909891,,,-16.138602,,,,,-0.013655808603825996,0.013655808603825996,15.568233563326894
val_salt_test_2_coarse_mesh_laminar,pipeleg_upper_07_straight,upper_leg,transport,upper_transport,0.75,mdot_pipeleg_upper_05_cooler,,454.7366075909891,,,-3.011896277,,,,,-0.013655808603825996,0.013655808603825996,15.568233563326894
val_salt_test_2_coarse_mesh_laminar,pipeleg_upper_08_bend,upper_leg,transport,upper_transport,0.875,mdot_pipeleg_upper_05_cooler,,454.7366075909891,,,-0.2518622161,,,,,-0.013655808603825996,0.013655808603825996,15.568233563326894
val_salt_test_2_coarse_mesh_laminar,pipeleg_upper_09_straight,upper_leg,transport,upper_transport,1.0,mdot_pipeleg_upper_05_cooler,,454.7366075909891,,,-2.868084873,,,,,-0.013655808603825996,0.013655808603825996,15.568233563326894
val_salt_test_2_coarse_mesh_laminar,pipeleg_left_01_upper,left_leg,transport,left_transport,0.0,mdot_pipeleg_left_04_test_section,,459.80573703263394,,,-9.183895338,,,,,-0.013655760329647305,0.013655760329647305,-12.573998307152175
val_salt_test_2_coarse_mesh_laminar,pipeleg_left_02_connector,left_leg,transport,left_transport,0.16666666666666666,mdot_pipeleg_left_04_test_section,,459.80573703263394,,,-0.06015874185,,,,,-0.013655760329647305,0.013655760329647305,-12.573998307152175
val_salt_test_2_coarse_mesh_laminar,pipeleg_left_03_fitting,left_leg,transport,left_transport,0.3333333333333333,mdot_pipeleg_left_04_test_section,,459.80573703263394,,,-1.006138029,,,,,-0.013655760329647305,0.013655760329647305,-12.573998307152175
val_salt_test_2_coarse_mesh_laminar,pipeleg_left_04_test_section,left_leg,test_section,test_section_branch,0.5,mdot_pipeleg_left_04_test_section,,459.80573703263394,,,-7.326058396,,,,,-0.013655760329647305,0.013655760329647305,-12.573998307152175
val_salt_test_2_coarse_mesh_laminar,pipeleg_left_05_fitting,left_leg,transport,left_transport,0.6666666666666666,mdot_pipeleg_left_04_test_section,,459.80573703263394,,,-1.01489112,,,,,-0.013655760329647305,0.013655760329647305,-12.573998307152175
val_salt_test_2_coarse_mesh_laminar,pipeleg_left_06_connector,left_leg,transport,left_transport,0.8333333333333334,mdot_pipeleg_left_04_test_section,,459.80573703263394,,,-0.06112165208,,,,,-0.013655760329647305,0.013655760329647305,-12.573998307152175
val_salt_test_2_coarse_mesh_laminar,pipeleg_left_07_lower,left_leg,transport,left_transport,1.0,mdot_pipeleg_left_04_test_section,,459.80573703263394,,,-7.872888499,,,,,-0.013655760329647305,0.013655760329647305,-12.573998307152175
viscosity_screening_salt_test_3_jin_coarse_mesh,junction_lower_left,junctions,junction,junctions,0.0,,,,,,-1.329310509,,,,,,,
viscosity_screening_salt_test_3_jin_coarse_mesh,junction_lower_left_left_extension,junctions,junction,junctions,0.05,,,,,,-0.9811183947,,,,,,,
viscosity_screening_salt_test_3_jin_coarse_mesh,junction_lower_left_left_step,junctions,junction,junctions,0.1,,,,,,0.0,,,,,,,
viscosity_screening_salt_test_3_jin_coarse_mesh,junction_lower_left_left_stub,junctions,junction,junctions,0.15,,,,,,-5.387020615,,,,,,,
viscosity_screening_salt_test_3_jin_coarse_mesh,junction_lower_left_lower_extension,junctions,junction,junctions,0.2,,,,,,-0.3233242349,,,,,,,
viscosity_screening_salt_test_3_jin_coarse_mesh,junction_lower_left_lower_stub,junctions,junction,junctions,0.25,,,,,,-0.6143688867,,,,,,,
viscosity_screening_salt_test_3_jin_coarse_mesh,junction_lower_right,junctions,junction,junctions,0.3,,,,,,-1.321121154,,,,,,,
viscosity_screening_salt_test_3_jin_coarse_mesh,junction_lower_right_lower_extension,junctions,junction,junctions,0.35,,,,,,-0.8239321775,,,,,,,
viscosity_screening_salt_test_3_jin_coarse_mesh,junction_lower_right_lower_stub,junctions,junction,junctions,0.4,,,,,,-0.5141363185,,,,,,,
viscosity_screening_salt_test_3_jin_coarse_mesh,junction_lower_right_right_extension,junctions,junction,junctions,0.45,,,,,,-0.9272854359,,,,,,,
viscosity_screening_salt_test_3_jin_coarse_mesh,junction_lower_right_right_step,junctions,junction,junctions,0.5,,,,,,0.0,,,,,,,
viscosity_screening_salt_test_3_jin_coarse_mesh,junction_lower_right_right_stub,junctions,junction,junctions,0.55,,,,,,-5.057044659,,,,,,,
viscosity_screening_salt_test_3_jin_coarse_mesh,junction_upper_left,junctions,junction,junctions,0.6,,,,,,-1.376933198,,,,,,,
viscosity_screening_salt_test_3_jin_coarse_mesh,junction_upper_left_upper_extension,junctions,junction,junctions,0.65,,,,,,-5.280016856,,,,,,,
viscosity_screening_salt_test_3_jin_coarse_mesh,junction_upper_left_upper_stub,junctions,junction,junctions,0.7,,,,,,-3.880234908,,,,,,,
viscosity_screening_salt_test_3_jin_coarse_mesh,junction_upper_right,junctions,junction,junctions,0.75,,,,,,-1.417836432,,,,,,,
viscosity_screening_salt_test_3_jin_coarse_mesh,junction_upper_right_right_extension,junctions,junction,junctions,0.8,,,,,,-1.013752841,,,,,,,
viscosity_screening_salt_test_3_jin_coarse_mesh,junction_upper_right_right_step,junctions,junction,junctions,0.85,,,,,,0.0,,,,,,,
viscosity_screening_salt_test_3_jin_coarse_mesh,junction_upper_right_right_stub,junctions,junction,junctions,0.9,,,,,,-5.787181811,,,,,,,
viscosity_screening_salt_test_3_jin_coarse_mesh,junction_upper_right_upper_extension,junctions,junction,junctions,0.95,,,,,,-2.524538728,,,,,,,
viscosity_screening_salt_test_3_jin_coarse_mesh,junction_upper_right_upper_stub,junctions,junction,junctions,1.0,,,,,,-4.829168908,,,,,,,
viscosity_screening_salt_test_3_jin_coarse_mesh,pipeleg_lower_01_fitting,lower_leg,transport,lower_transport,0.0,mdot_pipeleg_lower_05_straight,,462.2741160696352,,,-1.132959822,,,,,-0.014924848854549996,0.014924848854549996,1.1491716577829867
viscosity_screening_salt_test_3_jin_coarse_mesh,pipeleg_lower_02_straight,lower_leg,transport,lower_transport,0.125,mdot_pipeleg_lower_05_straight,,462.2741160696352,,,-2.435031591,,,,,-0.014924848854549996,0.014924848854549996,1.1491716577829867
viscosity_screening_salt_test_3_jin_coarse_mesh,pipeleg_lower_03_bend,lower_leg,transport,lower_transport,0.25,mdot_pipeleg_lower_05_straight,,462.2741160696352,,,-0.317176344,,,,,-0.014924848854549996,0.014924848854549996,1.1491716577829867
viscosity_screening_salt_test_3_jin_coarse_mesh,pipeleg_lower_04_straight,lower_leg,heater,heater_branch,0.375,mdot_pipeleg_lower_05_straight,,462.2741160696352,,,90.87346027,,,,,-0.014924848854549996,0.014924848854549996,1.1491716577829867
viscosity_screening_salt_test_3_jin_coarse_mesh,pipeleg_lower_05_straight,lower_leg,heater,heater_branch,0.5,mdot_pipeleg_lower_05_straight,,462.2741160696352,,,91.05804974,,,,,-0.014924848854549996,0.014924848854549996,1.1491716577829867
viscosity_screening_salt_test_3_jin_coarse_mesh,pipeleg_lower_06_straight,lower_leg,heater,heater_branch,0.625,mdot_pipeleg_lower_05_straight,,462.2741160696352,,,91.35398392,,,,,-0.014924848854549996,0.014924848854549996,1.1491716577829867
viscosity_screening_salt_test_3_jin_coarse_mesh,pipeleg_lower_07_bend,lower_leg,transport,lower_transport,0.75,mdot_pipeleg_lower_05_straight,,462.2741160696352,,,-0.2597202114,,,,,-0.014924848854549996,0.014924848854549996,1.1491716577829867
viscosity_screening_salt_test_3_jin_coarse_mesh,pipeleg_lower_08_straight,lower_leg,transport,lower_transport,0.875,mdot_pipeleg_lower_05_straight,,462.2741160696352,,,-2.133316742,,,,,-0.014924848854549996,0.014924848854549996,1.1491716577829867
viscosity_screening_salt_test_3_jin_coarse_mesh,pipeleg_lower_09_fitting,lower_leg,transport,lower_transport,1.0,mdot_pipeleg_lower_05_straight,,462.2741160696352,,,-1.006156105,,,,,-0.014924848854549996,0.014924848854549996,1.1491716577829867
viscosity_screening_salt_test_3_jin_coarse_mesh,pipeleg_right_01_lower,right_leg,transport,right_transport,0.0,mdot_pipeleg_right_02_middle,,456.99026004389077,,,-8.34226404,,,,,-0.014924884735853024,0.014924884735853024,6.650727639260355
viscosity_screening_salt_test_3_jin_coarse_mesh,pipeleg_right_02_middle,right_leg,transport,right_transport,0.5,mdot_pipeleg_right_02_middle,,456.99026004389077,,,-8.372190794,,,,,-0.014924884735853024,0.014924884735853024,6.650727639260355
viscosity_screening_salt_test_3_jin_coarse_mesh,pipeleg_right_03_upper,right_leg,transport,right_transport,1.0,mdot_pipeleg_right_02_middle,,456.99026004389077,,,-8.479050775,,,,,-0.014924884735853024,0.014924884735853024,6.650727639260355
viscosity_screening_salt_test_3_jin_coarse_mesh,pipeleg_upper_01_straight,upper_leg,transport,upper_transport,0.0,mdot_pipeleg_upper_05_cooler,,462.1768267380764,,,-3.03074228,,,,,-0.014925080776452986,0.014925080776452986,19.408827144251816
viscosity_screening_salt_test_3_jin_coarse_mesh,pipeleg_upper_02_bend,upper_leg,transport,upper_transport,0.125,mdot_pipeleg_upper_05_cooler,,462.1768267380764,,,-0.2597265461,,,,,-0.014925080776452986,0.014925080776452986,19.408827144251816
viscosity_screening_salt_test_3_jin_coarse_mesh,pipeleg_upper_03_straight,upper_leg,transport,upper_transport,0.25,mdot_pipeleg_upper_05_cooler,,462.1768267380764,,,-3.204144416,,,,,-0.014925080776452986,0.014925080776452986,19.408827144251816
viscosity_screening_salt_test_3_jin_coarse_mesh,pipeleg_upper_04_reducer,upper_leg,cooling_branch,cooling_branch,0.375,mdot_pipeleg_upper_05_cooler,,462.1768267380764,,,-18.0957308,,,,,-0.014925080776452986,0.014925080776452986,19.408827144251816
viscosity_screening_salt_test_3_jin_coarse_mesh,pipeleg_upper_05_cooler,upper_leg,cooling_branch,cooling_branch,0.5,mdot_pipeleg_upper_05_cooler,,462.1768267380764,,,-114.5781771,,,,,-0.014925080776452986,0.014925080776452986,19.408827144251816
viscosity_screening_salt_test_3_jin_coarse_mesh,pipeleg_upper_06_reducer,upper_leg,cooling_branch,cooling_branch,0.625,mdot_pipeleg_upper_05_cooler,,462.1768267380764,,,-18.0957308,,,,,-0.014925080776452986,0.014925080776452986,19.408827144251816
viscosity_screening_salt_test_3_jin_coarse_mesh,pipeleg_upper_07_straight,upper_leg,transport,upper_transport,0.75,mdot_pipeleg_upper_05_cooler,,462.1768267380764,,,-3.434264012,,,,,-0.014925080776452986,0.014925080776452986,19.408827144251816
viscosity_screening_salt_test_3_jin_coarse_mesh,pipeleg_upper_08_bend,upper_leg,transport,upper_transport,0.875,mdot_pipeleg_upper_05_cooler,,462.1768267380764,,,-0.287337484,,,,,-0.014925080776452986,0.014925080776452986,19.408827144251816
viscosity_screening_salt_test_3_jin_coarse_mesh,pipeleg_upper_09_straight,upper_leg,transport,upper_transport,1.0,mdot_pipeleg_upper_05_cooler,,462.1768267380764,,,-3.272521418,,,,,-0.014925080776452986,0.014925080776452986,19.408827144251816
viscosity_screening_salt_test_3_jin_coarse_mesh,pipeleg_left_01_upper,left_leg,transport,left_transport,0.0,mdot_pipeleg_left_04_test_section,,467.37527247237614,,,-10.47219091,,,,,-0.014924941859800691,0.014924941859800691,-11.505680182492139
viscosity_screening_salt_test_3_jin_coarse_mesh,pipeleg_left_02_connector,left_leg,transport,left_transport,0.16666666666666666,mdot_pipeleg_left_04_test_section,,467.37527247237614,,,-0.068878668,,,,,-0.014924941859800691,0.014924941859800691,-11.505680182492139
viscosity_screening_salt_test_3_jin_coarse_mesh,pipeleg_left_03_fitting,left_leg,transport,left_transport,0.3333333333333333,mdot_pipeleg_left_04_test_section,,467.37527247237614,,,-1.158535219,,,,,-0.014924941859800691,0.014924941859800691,-11.505680182492139
viscosity_screening_salt_test_3_jin_coarse_mesh,pipeleg_left_04_test_section,left_leg,test_section,test_section_branch,0.5,mdot_pipeleg_left_04_test_section,,467.37527247237614,,,-10.24342229,,,,,-0.014924941859800691,0.014924941859800691,-11.505680182492139
viscosity_screening_salt_test_3_jin_coarse_mesh,pipeleg_left_05_fitting,left_leg,transport,left_transport,0.6666666666666666,mdot_pipeleg_left_04_test_section,,467.37527247237614,,,-1.17028622,,,,,-0.014924941859800691,0.014924941859800691,-11.505680182492139
viscosity_screening_salt_test_3_jin_coarse_mesh,pipeleg_left_06_connector,left_leg,transport,left_transport,0.8333333333333334,mdot_pipeleg_left_04_test_section,,467.37527247237614,,,-0.07017818607,,,,,-0.014924941859800691,0.014924941859800691,-11.505680182492139
viscosity_screening_salt_test_3_jin_coarse_mesh,pipeleg_left_07_lower,left_leg,transport,left_transport,1.0,mdot_pipeleg_left_04_test_section,,467.37527247237614,,,-9.004938808,,,,,-0.014924941859800691,0.014924941859800691,-11.505680182492139
val_water_test_1_coarse_mesh_laminar,junction_lower_left,junctions,junction,junctions,0.0,,315.1657744,,,-109.585206,-0.3204842034,0.0029245207,,,,,,
val_water_test_1_coarse_mesh_laminar,junction_lower_left_left_extension,junctions,junction,junctions,0.05,,315.3548729,,,-109.6461739,-0.2393956575,0.002183347117,,,,,,
val_water_test_1_coarse_mesh_laminar,junction_lower_left_left_step,junctions,junction,junctions,0.1,,315.4056609,,,0.0,0.0,0.0001184207033,,,,,,
val_water_test_1_coarse_mesh_laminar,junction_lower_left_left_stub,junctions,junction,junctions,0.15,,314.4619586,,,-936.3744162,-0.4731141002,0.0005052616689,,,,,,
val_water_test_1_coarse_mesh_laminar,junction_lower_left_lower_extension,junctions,junction,junctions,0.2,,306.4517033,,,-58.79519133,-0.1123240226,0.001910428728,,,,,,
val_water_test_1_coarse_mesh_laminar,junction_lower_left_lower_stub,junctions,junction,junctions,0.25,,299.9469769,,,-240.9433799,-0.09320676972,0.0003868409656,,,,,,
val_water_test_1_coarse_mesh_laminar,junction_lower_right,junctions,junction,junctions,0.3,,313.6157855,,,-100.0659231,-0.2926448422,0.002924520488,,,,,,
val_water_test_1_coarse_mesh_laminar,junction_lower_right_lower_extension,junctions,junction,junctions,0.35,,312.0012119,,,-91.1187138,-0.3229630427,0.00354442056,,,,,,
val_water_test_1_coarse_mesh_laminar,junction_lower_right_lower_stub,junctions,junction,junctions,0.4,,303.7680103,,,-284.9440573,-0.1102280342,0.0003868409655,,,,,,
val_water_test_1_coarse_mesh_laminar,junction_lower_right_right_extension,junctions,junction,junctions,0.45,,312.6904627,,,-93.5509194,-0.2042541301,0.002183347116,,,,,,
val_water_test_1_coarse_mesh_laminar,junction_lower_right_right_step,junctions,junction,junctions,0.5,,312.8665285,,,0.0,0.0,0.0001184207032,,,,,,
val_water_test_1_coarse_mesh_laminar,junction_lower_right_right_stub,junctions,junction,junctions,0.55,,311.7132202,,,-743.4139952,-0.3756185958,0.0005052616687,,,,,,
val_water_test_1_coarse_mesh_laminar,junction_upper_left,junctions,junction,junctions,0.6,,315.5046475,,,-112.4680147,-0.3022353551,0.002687300528,,,,,,
val_water_test_1_coarse_mesh_laminar,junction_upper_left_upper_extension,junctions,junction,junctions,0.65,,314.9324974,,,-106.5344016,-1.132808171,0.01063326168,,,,,,
val_water_test_1_coarse_mesh_laminar,junction_upper_left_upper_stub,junctions,junction,junctions,0.7,,314.0744794,,,-505.247841,-0.1954505627,0.0003868409656,,,,,,
val_water_test_1_coarse_mesh_laminar,junction_upper_right,junctions,junction,junctions,0.75,,314.5356912,,,-105.7041699,-0.3091340053,0.002924520438,,,,,,
val_water_test_1_coarse_mesh_laminar,junction_upper_right_right_extension,junctions,junction,junctions,0.8,,314.5647707,,,-104.8398729,-0.2289018341,0.002183347116,,,,,,
val_water_test_1_coarse_mesh_laminar,junction_upper_right_right_step,junctions,junction,junctions,0.85,,314.7598824,,,0.0,0.0,0.0001184207032,,,,,,
val_water_test_1_coarse_mesh_laminar,junction_upper_right_right_stub,junctions,junction,junctions,0.9,,313.8690172,,,-880.7257017,-0.4449969377,0.0005052616687,,,,,,
val_water_test_1_coarse_mesh_laminar,junction_upper_right_upper_extension,junctions,junction,junctions,0.95,,313.7411033,,,-100.6962444,-0.5353647586,0.005316630841,,,,,,
val_water_test_1_coarse_mesh_laminar,junction_upper_right_upper_stub,junctions,junction,junctions,1.0,,312.2041814,,,-1162.898081,-0.4498566164,0.0003868409655,,,,,,
val_water_test_1_coarse_mesh_laminar,pipeleg_lower_01_fitting,lower_leg,transport,lower_transport,0.0,mdot_pipeleg_lower_05_straight,315.8425324,315.0327811581621,0.8097512418378869,-112.5867534,-0.2460001841,0.002184983371,139.03869186351923,4.872550944508602,,-0.0065293168423649975,0.0065293168423649975,-0.1980801039470712
val_water_test_1_coarse_mesh_laminar,pipeleg_lower_02_straight,lower_leg,transport,lower_transport,0.125,mdot_pipeleg_lower_05_straight,316.5036418,315.0327811581621,1.4708606418379304,-94.58543054,-0.5141689709,0.005436027177,64.30618091854693,2.253582354471355,,-0.0065293168423649975,0.0065293168423649975,-0.1980801039470712
val_water_test_1_coarse_mesh_laminar,pipeleg_lower_03_bend,lower_leg,transport,lower_transport,0.25,mdot_pipeleg_lower_05_straight,318.1250822,315.0327811581621,3.0923010418379135,-108.9380669,-0.07199482339,0.0006608784735,35.22880386679704,1.2345782260636227,,-0.0065293168423649975,0.0065293168423649975,-0.1980801039470712
val_water_test_1_coarse_mesh_laminar,pipeleg_lower_04_straight,lower_leg,heater,heater_branch,0.375,mdot_pipeleg_lower_05_straight,317.9643682,315.0327811581621,2.931587041837929,1163.627719,17.75944842,0.01526213937,396.9275693995684,13.91015534782102,,-0.0065293168423649975,0.0065293168423649975,-0.1980801039470712
val_water_test_1_coarse_mesh_laminar,pipeleg_lower_05_straight,lower_leg,heater,heater_branch,0.5,mdot_pipeleg_lower_05_straight,317.5169718,315.0327811581621,2.4841906418379267,1166.622546,17.80515589,0.01526213937,469.61876691431183,16.45758698976713,,-0.0065293168423649975,0.0065293168423649975,-0.1980801039470712
val_water_test_1_coarse_mesh_laminar,pipeleg_lower_06_straight,lower_leg,heater,heater_branch,0.625,mdot_pipeleg_lower_05_straight,316.8116869,315.0327811581621,1.7789057418378889,1171.143422,17.87415413,0.01526213937,658.3504648144118,23.07160788234379,,-0.0065293168423649975,0.0065293168423649975,-0.1980801039470712
val_water_test_1_coarse_mesh_laminar,pipeleg_lower_07_bend,lower_leg,transport,lower_transport,0.75,mdot_pipeleg_lower_05_straight,313.8798355,315.0327811581621,-1.152945658162082,-86.46329967,-0.05714173358,0.0006608784744,74.99338677230607,2.628110870806994,,-0.0065293168423649975,0.0065293168423649975,-0.1980801039470712
val_water_test_1_coarse_mesh_laminar,pipeleg_lower_08_straight,lower_leg,transport,lower_transport,0.875,mdot_pipeleg_lower_05_straight,313.8934703,315.0327811581621,-1.139310858162105,-81.241352,-0.4416301974,0.005436027177,71.3074499536111,2.4989388059190367,,-0.0065293168423649975,0.0065293168423649975,-0.1980801039470712
val_water_test_1_coarse_mesh_laminar,pipeleg_lower_09_fitting,lower_leg,transport,lower_transport,1.0,mdot_pipeleg_lower_05_straight,313.984633,315.0327811581621,-1.048148158162121,-101.2874538,-0.2213114023,0.002184983371,96.63467231350464,3.3865203817915748,,-0.0065293168423649975,0.0065293168423649975,-0.1980801039470712
val_water_test_1_coarse_mesh_laminar,pipeleg_right_01_lower,right_leg,transport,right_transport,0.0,mdot_pipeleg_right_02_middle,313.8196497,314.2720802571683,-0.4524305571682703,-79.33997271,-1.677643752,0.02114500037,175.36386844996295,6.154691556832793,,-0.0065291794837200046,0.0065291794837200046,0.12378432163124208
val_water_test_1_coarse_mesh_laminar,pipeleg_right_02_middle,right_leg,transport,right_transport,0.5,mdot_pipeleg_right_02_middle,313.9362539,314.2720802571683,-0.3358263571682869,-79.91321135,-1.689764883,0.02114500036,237.95991483168328,8.351605673531896,,-0.0065291794837200046,0.0065291794837200046,0.12378432163124208
val_water_test_1_coarse_mesh_laminar,pipeleg_right_03_upper,right_leg,transport,right_transport,1.0,mdot_pipeleg_right_02_middle,314.0798506,314.2720802571683,-0.19222965716829776,-80.54005622,-1.703019518,0.02114500036,418.9783065028664,14.704752286330159,,-0.0065291794837200046,0.0065291794837200046,0.12378432163124208
val_water_test_1_coarse_mesh_laminar,pipeleg_upper_01_straight,upper_leg,transport,upper_transport,0.0,mdot_pipeleg_upper_05_cooler,313.6602328,314.9397832809105,-1.2795504809104727,-80.19109537,-0.6111371837,0.007621010548,62.67130259131276,2.1966851614184546,,-0.006529467763242005,0.006529467763242005,2.063483988205988
val_water_test_1_coarse_mesh_laminar,pipeleg_upper_02_bend,upper_leg,transport,upper_transport,0.125,mdot_pipeleg_upper_05_cooler,312.8370647,314.9397832809105,-2.102718580910505,-81.19414639,-0.0536594636,0.0006608784744,38.61389114412156,1.3534513915253625,,-0.006529467763242005,0.006529467763242005,2.063483988205988
val_water_test_1_coarse_mesh_laminar,pipeleg_upper_03_straight,upper_leg,transport,upper_transport,0.25,mdot_pipeleg_upper_05_cooler,313.8265296,314.9397832809105,-1.113253680910475,-81.63400249,-0.6533945968,0.008003951501,73.32920060343803,2.5702540110691414,,-0.006529467763242005,0.006529467763242005,2.063483988205988
val_water_test_1_coarse_mesh_laminar,pipeleg_upper_04_reducer,upper_leg,cooling_branch,cooling_branch,0.375,mdot_pipeleg_upper_05_cooler,313.3165479,314.9397832809105,-1.6232353809105007,-111.5578354,-0.6452509614,0.005784003956,68.72560610244048,2.4088939098522464,,-0.006529467763242005,0.006529467763242005,2.063483988205988
val_water_test_1_coarse_mesh_laminar,pipeleg_upper_05_cooler,upper_leg,cooling_branch,cooling_branch,0.5,mdot_pipeleg_upper_05_cooler,311.6309915,314.9397832809105,-3.3087917809104965,-1598.168416,-29.10345745,0.0182105072,483.0066446672036,16.929814529721227,,-0.006529467763242005,0.006529467763242005,2.063483988205988
val_water_test_1_coarse_mesh_laminar,pipeleg_upper_06_reducer,upper_leg,cooling_branch,cooling_branch,0.625,mdot_pipeleg_upper_05_cooler,315.1780928,314.9397832809105,0.23830951908951192,-111.557838,-0.645250976,0.005784003954,468.12161942258604,16.408081093041023,,-0.006529467763242005,0.006529467763242005,2.063483988205988
val_water_test_1_coarse_mesh_laminar,pipeleg_upper_07_straight,upper_leg,transport,upper_transport,0.75,mdot_pipeleg_upper_05_cooler,315.3292265,314.9397832809105,0.3894432190895145,-88.84586929,-0.7111180289,0.008003951501,228.13561755604363,7.996357266489349,,-0.006529467763242005,0.006529467763242005,2.063483988205988
val_water_test_1_coarse_mesh_laminar,pipeleg_upper_08_bend,upper_leg,transport,upper_transport,0.875,mdot_pipeleg_upper_05_cooler,315.379735,314.9397832809105,0.4399517190894926,-94.24019924,-0.06228131903,0.0006608784737,214.20577565882897,7.508103859725819,,-0.006529467763242005,0.006529467763242005,2.063483988205988
val_water_test_1_coarse_mesh_laminar,pipeleg_upper_09_straight,upper_leg,transport,upper_transport,1.0,mdot_pipeleg_upper_05_cooler,315.4634619,314.9397832809105,0.5236786190895373,-88.98144125,-0.678128502,0.007621010543,169.91612413869845,5.9557119949339254,,-0.006529467763242005,0.006529467763242005,2.063483988205988
val_water_test_1_coarse_mesh_laminar,pipeleg_left_01_upper,left_leg,transport,left_transport,0.0,mdot_pipeleg_left_04_test_section,314.9234718,315.8034816672622,-0.8800098672621743,-84.503164,-2.087178622,0.02469941388,96.02524601559341,3.3601776247658224,,-0.0065293214029074976,0.0065293214029074976,-1.0720411593960713
val_water_test_1_coarse_mesh_laminar,pipeleg_left_02_connector,left_leg,transport,left_transport,0.16666666666666666,mdot_pipeleg_left_04_test_section,314.7605211,315.8034816672622,-1.0429605672621847,-99.93423152,-0.01584832021,0.0001585875027,95.81784264608542,3.3529200316802643,,-0.0065293214029074976,0.0065293214029074976,-1.0720411593960713
val_water_test_1_coarse_mesh_laminar,pipeleg_left_03_fitting,left_leg,transport,left_transport,0.3333333333333333,mdot_pipeleg_left_04_test_section,314.779126,315.8034816672622,-1.0243556672621708,-122.7504523,-0.254800976,0.00207576405,119.83186721471381,4.1932343384301625,,-0.0065293214029074976,0.0065293214029074976,-1.0720411593960713
val_water_test_1_coarse_mesh_laminar,pipeleg_left_04_test_section,left_leg,test_section,test_section_branch,0.5,mdot_pipeleg_left_04_test_section,314.8683562,315.8034816672622,-0.9351254672621963,-227.0725147,-2.783556867,0.01225844912,242.8257198093526,8.497114917972118,,-0.0065293214029074976,0.0065293214029074976,-1.0720411593960713
val_water_test_1_coarse_mesh_laminar,pipeleg_left_05_fitting,left_leg,transport,left_transport,0.6666666666666666,mdot_pipeleg_left_04_test_section,315.41422,315.8034816672622,-0.3892616672621898,-127.1458787,-0.263924844,0.00207576405,326.6334432420751,11.429769076603135,,-0.0065293214029074976,0.0065293214029074976,-1.0720411593960713
val_water_test_1_coarse_mesh_laminar,pipeleg_left_06_connector,left_leg,transport,left_transport,0.8333333333333334,mdot_pipeleg_left_04_test_section,315.4395893,315.8034816672622,-0.3638923672621672,-103.7603735,-0.01645509851,0.0001585875027,285.140285520871,9.977813617587405,,-0.0065293214029074976,0.0065293214029074976,-1.0720411593960713
val_water_test_1_coarse_mesh_laminar,pipeleg_left_07_lower,left_leg,transport,left_transport,1.0,mdot_pipeleg_left_04_test_section,315.819884,315.8034816672622,0.016402332737811776,-89.07774765,-1.883549007,0.02114500036,5430.797501421972,190.0379848644064,,-0.0065293214029074976,0.0065293214029074976,-1.0720411593960713
