source_id,study_case,time_s,patch_name,q_min_w_m2,q_max_w_m2,q_total_w,q_avg_w_m2,leg_group,thermal_role,patch_rank_in_leg,patch_count_in_leg,section_progress_0to1,latest_processor_time,area_m2,areaAverage_T_w_k,areaAverage_wallHeatFlux_w_m2,sample_time_s,areaAverage_Nu_ref
val_salt_test_2_coarse_mesh_laminar,Salt 2,4069.0,junction_lower_left,-511.6382214,-266.6270002,-1.148139514,-392.5906607,junctions,junction,1,21,0.0,4069,,,,,
val_salt_test_2_coarse_mesh_laminar,Salt 2,4069.0,junction_lower_left_left_extension,-423.2773498,-244.2105271,-0.8453345195,-387.1736716,junctions,junction,2,21,0.05,4069,,,,,
val_salt_test_2_coarse_mesh_laminar,Salt 2,4069.0,junction_lower_left_left_step,0.0,0.0,0.0,0.0,junctions,junction,3,21,0.1,4069,,,,,
val_salt_test_2_coarse_mesh_laminar,Salt 2,4069.0,junction_lower_left_left_stub,-11368.82408,-7804.009113,-5.347494101,-10583.61326,junctions,junction,4,21,0.15,4069,,,,,
val_salt_test_2_coarse_mesh_laminar,Salt 2,4069.0,junction_lower_left_lower_extension,-253.5999377,-38.83838125,-0.2656661354,-139.0610032,junctions,junction,5,21,0.2,4069,,,,,
val_salt_test_2_coarse_mesh_laminar,Salt 2,4069.0,junction_lower_left_lower_stub,-1399.143943,-1389.318814,-0.5402157363,-1396.480167,junctions,junction,6,21,0.25,4069,,,,,
val_salt_test_2_coarse_mesh_laminar,Salt 2,4069.0,junction_lower_right,-412.2598956,-330.7060178,-1.150395362,-393.3620458,junctions,junction,7,21,0.3,4069,,,,,
val_salt_test_2_coarse_mesh_laminar,Salt 2,4069.0,junction_lower_right_lower_extension,-369.9938339,-34.51722581,-0.6245568241,-176.2084418,junctions,junction,8,21,0.35,4069,,,,,
val_salt_test_2_coarse_mesh_laminar,Salt 2,4069.0,junction_lower_right_lower_stub,-990.692622,-983.1011381,-0.3824057003,-988.5346548,junctions,junction,9,21,0.4,4069,,,,,
val_salt_test_2_coarse_mesh_laminar,Salt 2,4069.0,junction_lower_right_right_extension,-397.0467708,-240.474681,-0.8097609531,-370.880538,junctions,junction,10,21,0.45,4069,,,,,
val_salt_test_2_coarse_mesh_laminar,Salt 2,4069.0,junction_lower_right_right_step,0.0,0.0,0.0,0.0,junctions,junction,11,21,0.5,4069,,,,,
val_salt_test_2_coarse_mesh_laminar,Salt 2,4069.0,junction_lower_right_right_stub,-10724.99518,-7691.163019,-5.108408383,-10110.42139,junctions,junction,12,21,0.55,4069,,,,,
val_salt_test_2_coarse_mesh_laminar,Salt 2,4069.0,junction_upper_left,-454.8379316,-432.6628115,-1.197630604,-445.6630703,junctions,junction,13,21,0.6,4069,,,,,
val_salt_test_2_coarse_mesh_laminar,Salt 2,4069.0,junction_upper_left_upper_extension,-451.7962772,-339.0127761,-4.610249361,-433.5686922,junctions,junction,14,21,0.65,4069,,,,,
val_salt_test_2_coarse_mesh_laminar,Salt 2,4069.0,junction_upper_left_upper_stub,-11098.41576,-9630.652746,-4.10458517,-10610.52353,junctions,junction,15,21,0.7,4069,,,,,
val_salt_test_2_coarse_mesh_laminar,Salt 2,4069.0,junction_upper_right,-437.3433395,-356.9906389,-1.228101505,-419.9326114,junctions,junction,16,21,0.75,4069,,,,,
val_salt_test_2_coarse_mesh_laminar,Salt 2,4069.0,junction_upper_right_right_extension,-433.4024893,-256.3447415,-0.8794214987,-402.78593,junctions,junction,17,21,0.8,4069,,,,,
val_salt_test_2_coarse_mesh_laminar,Salt 2,4069.0,junction_upper_right_right_step,0.0,0.0,0.0,0.0,junctions,junction,18,21,0.85,4069,,,,,
val_salt_test_2_coarse_mesh_laminar,Salt 2,4069.0,junction_upper_right_right_stub,-12224.91582,-8605.543028,-5.804414031,-11487.93663,junctions,junction,19,21,0.9,4069,,,,,
val_salt_test_2_coarse_mesh_laminar,Salt 2,4069.0,junction_upper_right_upper_extension,-435.5979119,-314.9734969,-2.196330867,-413.105768,junctions,junction,20,21,0.95,4069,,,,,
val_salt_test_2_coarse_mesh_laminar,Salt 2,4069.0,junction_upper_right_upper_stub,-12893.54264,-10892.65947,-4.707496414,-12169.0742,junctions,junction,21,21,1.0,4069,,,,,
val_salt_test_2_coarse_mesh_laminar,Salt 2,4069.0,pipeleg_lower_01_fitting,-514.5342981,-344.1295571,-0.9832177141,-449.9886485,lower_leg,transport,1,9,0.0,4069,,,,,
val_salt_test_2_coarse_mesh_laminar,Salt 2,4069.0,pipeleg_lower_02_straight,-458.5927275,-362.4960513,-2.133212528,-392.4212404,lower_leg,transport,2,9,0.125,4069,,,,,
val_salt_test_2_coarse_mesh_laminar,Salt 2,4069.0,pipeleg_lower_03_bend,-479.3411224,-380.2847667,-0.2765382226,-418.4403543,lower_leg,transport,3,9,0.25,4069,,,,,
val_salt_test_2_coarse_mesh_laminar,Salt 2,4069.0,pipeleg_lower_04_straight,5256.324922,5356.192755,81.36976634,5331.478396,lower_leg,heater,4,9,0.375,4069,,,,,
val_salt_test_2_coarse_mesh_laminar,Salt 2,4069.0,pipeleg_lower_05_straight,5275.527175,5364.468553,81.52597379,5341.713361,lower_leg,heater,5,9,0.5,4069,,,,,
val_salt_test_2_coarse_mesh_laminar,Salt 2,4069.0,pipeleg_lower_06_straight,5299.200381,5415.469306,81.78740867,5358.842995,lower_leg,heater,6,9,0.625,4069,,,,,
val_salt_test_2_coarse_mesh_laminar,Salt 2,4069.0,pipeleg_lower_07_bend,-354.900707,-332.0922686,-0.2270004963,-343.4829626,lower_leg,transport,7,9,0.75,4069,,,,,
val_salt_test_2_coarse_mesh_laminar,Salt 2,4069.0,pipeleg_lower_08_straight,-350.6677148,-324.3188494,-1.866686662,-343.391709,lower_leg,transport,8,9,0.875,4069,,,,,
val_salt_test_2_coarse_mesh_laminar,Salt 2,4069.0,pipeleg_lower_09_fitting,-409.17467,-375.7263138,-0.8743867406,-400.1800436,lower_leg,transport,9,9,1.0,4069,,,,,
val_salt_test_2_coarse_mesh_laminar,Salt 2,4069.0,pipeleg_right_01_lower,-350.8249281,-338.0092658,-7.33062259,-346.6834932,right_leg,transport,1,3,0.0,4069,,,,,
val_salt_test_2_coarse_mesh_laminar,Salt 2,4069.0,pipeleg_right_02_middle,-353.2816437,-338.0252441,-7.364645423,-348.2925182,right_leg,transport,2,3,0.5,4069,,,,,
val_salt_test_2_coarse_mesh_laminar,Salt 2,4069.0,pipeleg_right_03_upper,-363.7573713,-339.1779734,-7.452938676,-352.4681271,right_leg,transport,3,3,1.0,4069,,,,,
val_salt_test_2_coarse_mesh_laminar,Salt 2,4069.0,pipeleg_upper_01_straight,-369.7695406,-307.6723648,-2.658614444,-348.8532692,upper_leg,transport,1,9,0.0,4069,,,,,
val_salt_test_2_coarse_mesh_laminar,Salt 2,4069.0,pipeleg_upper_02_bend,-373.9309065,-309.9201403,-0.2277760649,-344.6565045,upper_leg,transport,2,9,0.125,4069,,,,,
val_salt_test_2_coarse_mesh_laminar,Salt 2,4069.0,pipeleg_upper_03_straight,-370.5696588,-285.3185481,-2.809729738,-351.042824,upper_leg,transport,3,9,0.25,4069,,,,,
val_salt_test_2_coarse_mesh_laminar,Salt 2,4069.0,pipeleg_upper_04_reducer,-2790.212823,-2790.212822,-16.138602,-2790.212823,upper_leg,cooling_branch,4,9,0.375,4069,,,,,
val_salt_test_2_coarse_mesh_laminar,Salt 2,4069.0,pipeleg_upper_05_cooler,-5715.026763,-5715.026761,-104.073536,-5715.026763,upper_leg,cooling_branch,5,9,0.5,4069,,,,,
val_salt_test_2_coarse_mesh_laminar,Salt 2,4069.0,pipeleg_upper_06_reducer,-2790.212824,-2790.212823,-16.138602,-2790.212823,upper_leg,cooling_branch,6,9,0.625,4069,,,,,
val_salt_test_2_coarse_mesh_laminar,Salt 2,4069.0,pipeleg_upper_07_straight,-381.6096713,-368.6975278,-3.011896277,-376.3011653,upper_leg,transport,7,9,0.75,4069,,,,,
val_salt_test_2_coarse_mesh_laminar,Salt 2,4069.0,pipeleg_upper_08_bend,-384.6417494,-373.368452,-0.2518622161,-381.1021634,upper_leg,transport,8,9,0.875,4069,,,,,
val_salt_test_2_coarse_mesh_laminar,Salt 2,4069.0,pipeleg_upper_09_straight,-384.3019821,-368.2194304,-2.868084873,-376.3391818,upper_leg,transport,9,9,1.0,4069,,,,,
val_salt_test_2_coarse_mesh_laminar,Salt 2,4069.0,pipeleg_left_01_upper,-387.3675547,-358.7230155,-9.183895338,-371.8264483,left_leg,transport,1,7,0.0,4069,,,,,
val_salt_test_2_coarse_mesh_laminar,Salt 2,4069.0,pipeleg_left_02_connector,-397.3270328,-367.8232873,-0.06015874185,-379.3409998,left_leg,transport,2,7,0.16666666666666666,4069,,,,,
val_salt_test_2_coarse_mesh_laminar,Salt 2,4069.0,pipeleg_left_03_fitting,-505.8700288,-467.3035845,-1.006138029,-484.7073197,left_leg,transport,3,7,0.3333333333333333,4069,,,,,
val_salt_test_2_coarse_mesh_laminar,Salt 2,4069.0,pipeleg_left_04_test_section,-817.9580709,-414.5677543,-7.326058396,-597.6333814,left_leg,test_section,4,7,0.5,4069,,,,,
val_salt_test_2_coarse_mesh_laminar,Salt 2,4069.0,pipeleg_left_05_fitting,-512.4720861,-464.1413055,-1.01489112,-488.9241243,left_leg,transport,5,7,0.6666666666666666,4069,,,,,
val_salt_test_2_coarse_mesh_laminar,Salt 2,4069.0,pipeleg_left_06_connector,-402.2414701,-364.8358552,-0.06112165208,-385.4127912,left_leg,transport,6,7,0.8333333333333334,4069,,,,,
val_salt_test_2_coarse_mesh_laminar,Salt 2,4069.0,pipeleg_left_07_lower,-392.0114957,-351.2234723,-7.872888499,-372.3286055,left_leg,transport,7,7,1.0,4069,,,,,
viscosity_screening_salt_test_3_jin_coarse_mesh,Salt 3,2515.0,junction_lower_left,-590.6937109,-314.7600048,-1.329310509,-454.5396138,junctions,junction,1,21,0.0,2514,,,,,
viscosity_screening_salt_test_3_jin_coarse_mesh,Salt 3,2515.0,junction_lower_left_left_extension,-488.0275633,-290.3107441,-0.9811183947,-449.3643668,junctions,junction,2,21,0.05,2514,,,,,
viscosity_screening_salt_test_3_jin_coarse_mesh,Salt 3,2515.0,junction_lower_left_left_step,0.0,0.0,0.0,0.0,junctions,junction,3,21,0.1,2514,,,,,
viscosity_screening_salt_test_3_jin_coarse_mesh,Salt 3,2515.0,junction_lower_left_left_stub,-11389.76733,-7980.477408,-5.387020615,-10661.84305,junctions,junction,4,21,0.15,2514,,,,,
viscosity_screening_salt_test_3_jin_coarse_mesh,Salt 3,2515.0,junction_lower_left_lower_extension,-300.5469541,-49.50597374,-0.3233242349,-169.2417153,junctions,junction,5,21,0.2,2514,,,,,
viscosity_screening_salt_test_3_jin_coarse_mesh,Salt 3,2515.0,junction_lower_left_lower_stub,-1591.378349,-1579.431938,-0.6143688867,-1588.169148,junctions,junction,6,21,0.25,2514,,,,,
viscosity_screening_salt_test_3_jin_coarse_mesh,Salt 3,2515.0,junction_lower_right,-474.9429639,-380.5109274,-1.321121154,-451.7394081,junctions,junction,7,21,0.3,2514,,,,,
viscosity_screening_salt_test_3_jin_coarse_mesh,Salt 3,2515.0,junction_lower_right_lower_extension,-437.5350925,-54.48114593,-0.8239321775,-232.4589206,junctions,junction,8,21,0.35,2514,,,,,
viscosity_screening_salt_test_3_jin_coarse_mesh,Salt 3,2515.0,junction_lower_right_lower_stub,-1332.005769,-1321.326311,-0.5141363185,-1329.063787,junctions,junction,9,21,0.4,2514,,,,,
viscosity_screening_salt_test_3_jin_coarse_mesh,Salt 3,2515.0,junction_lower_right_right_extension,-454.5226856,-281.131626,-0.9272854359,-424.7082056,junctions,junction,10,21,0.45,2514,,,,,
viscosity_screening_salt_test_3_jin_coarse_mesh,Salt 3,2515.0,junction_lower_right_right_step,0.0,0.0,0.0,0.0,junctions,junction,11,21,0.5,2514,,,,,
viscosity_screening_salt_test_3_jin_coarse_mesh,Salt 3,2515.0,junction_lower_right_right_stub,-10594.58024,-7702.15064,-5.057044659,-10008.76372,junctions,junction,12,21,0.55,2514,,,,,
viscosity_screening_salt_test_3_jin_coarse_mesh,Salt 3,2515.0,junction_upper_left,-522.1097634,-496.638194,-1.376933198,-512.385267,junctions,junction,13,21,0.6,2514,,,,,
viscosity_screening_salt_test_3_jin_coarse_mesh,Salt 3,2515.0,junction_upper_left_upper_extension,-517.7431536,-400.3055163,-5.280016856,-496.5566553,junctions,junction,14,21,0.65,2514,,,,,
viscosity_screening_salt_test_3_jin_coarse_mesh,Salt 3,2515.0,junction_upper_left_upper_stub,-10470.39463,-9209.964164,-3.880234908,-10030.56877,junctions,junction,15,21,0.7,2514,,,,,
viscosity_screening_salt_test_3_jin_coarse_mesh,Salt 3,2515.0,junction_upper_right,-503.0575881,-413.3843082,-1.417836432,-484.80989,junctions,junction,16,21,0.75,2514,,,,,
viscosity_screening_salt_test_3_jin_coarse_mesh,Salt 3,2515.0,junction_upper_right_right_extension,-499.0332526,-303.0468846,-1.013752841,-464.3113472,junctions,junction,17,21,0.8,2514,,,,,
viscosity_screening_salt_test_3_jin_coarse_mesh,Salt 3,2515.0,junction_upper_right_right_step,0.0,0.0,0.0,0.0,junctions,junction,18,21,0.85,2514,,,,,
viscosity_screening_salt_test_3_jin_coarse_mesh,Salt 3,2515.0,junction_upper_right_right_stub,-12149.90212,-8719.502056,-5.787181811,-11453.83109,junctions,junction,19,21,0.9,2514,,,,,
viscosity_screening_salt_test_3_jin_coarse_mesh,Salt 3,2515.0,junction_upper_right_upper_extension,-500.7225276,-364.0990818,-2.524538728,-474.83807,junctions,junction,20,21,0.95,2514,,,,,
viscosity_screening_salt_test_3_jin_coarse_mesh,Salt 3,2515.0,junction_upper_right_upper_stub,-13270.10991,-11146.30979,-4.829168908,-12483.60266,junctions,junction,21,21,1.0,2514,,,,,
viscosity_screening_salt_test_3_jin_coarse_mesh,Salt 3,2515.0,pipeleg_lower_01_fitting,-594.176285,-401.0111336,-1.132959822,-518.5210271,lower_leg,transport,1,9,0.0,2514,,,,,
viscosity_screening_salt_test_3_jin_coarse_mesh,Salt 3,2515.0,pipeleg_lower_02_straight,-526.842356,-412.9281322,-2.435031591,-447.9432335,lower_leg,transport,2,9,0.125,2514,,,,,
viscosity_screening_salt_test_3_jin_coarse_mesh,Salt 3,2515.0,pipeleg_lower_03_bend,-552.6466222,-434.6871754,-0.317176344,-479.9314196,lower_leg,transport,3,9,0.25,2514,,,,,
viscosity_screening_salt_test_3_jin_coarse_mesh,Salt 3,2515.0,pipeleg_lower_04_straight,5864.246519,5983.388082,90.87346027,5954.175759,lower_leg,heater,4,9,0.375,2514,,,,,
viscosity_screening_salt_test_3_jin_coarse_mesh,Salt 3,2515.0,pipeleg_lower_05_straight,5886.629721,5993.276213,91.05804974,5966.270359,lower_leg,heater,5,9,0.5,2514,,,,,
viscosity_screening_salt_test_3_jin_coarse_mesh,Salt 3,2515.0,pipeleg_lower_06_straight,5914.319547,6051.635863,91.35398392,5985.660443,lower_leg,heater,6,9,0.625,2514,,,,,
viscosity_screening_salt_test_3_jin_coarse_mesh,Salt 3,2515.0,pipeleg_lower_07_bend,-409.0389255,-380.0641908,-0.2597202114,-392.9923903,lower_leg,transport,7,9,0.75,2514,,,,,
viscosity_screening_salt_test_3_jin_coarse_mesh,Salt 3,2515.0,pipeleg_lower_08_straight,-403.388476,-373.071878,-2.133316742,-392.4404114,lower_leg,transport,8,9,0.875,2514,,,,,
viscosity_screening_salt_test_3_jin_coarse_mesh,Salt 3,2515.0,pipeleg_lower_09_fitting,-470.1404607,-436.9957009,-1.006156105,-460.4868477,lower_leg,transport,9,9,1.0,2514,,,,,
viscosity_screening_salt_test_3_jin_coarse_mesh,Salt 3,2515.0,pipeleg_right_01_lower,-400.1154346,-382.6685893,-8.34226404,-394.5265498,right_leg,transport,1,3,0.0,2514,,,,,
viscosity_screening_salt_test_3_jin_coarse_mesh,Salt 3,2515.0,pipeleg_right_02_middle,-403.1156236,-382.1921713,-8.372190794,-395.941861,right_leg,transport,2,3,0.5,2514,,,,,
viscosity_screening_salt_test_3_jin_coarse_mesh,Salt 3,2515.0,pipeleg_right_03_upper,-416.629551,-382.4290004,-8.479050775,-400.9955369,right_leg,transport,3,3,1.0,2514,,,,,
viscosity_screening_salt_test_3_jin_coarse_mesh,Salt 3,2515.0,pipeleg_upper_01_straight,-422.0398656,-348.8446505,-3.03074228,-397.6824675,upper_leg,transport,1,9,0.0,2514,,,,,
viscosity_screening_salt_test_3_jin_coarse_mesh,Salt 3,2515.0,pipeleg_upper_02_bend,-427.4305719,-351.8553612,-0.2597265461,-393.0019756,upper_leg,transport,2,9,0.125,2514,,,,,
viscosity_screening_salt_test_3_jin_coarse_mesh,Salt 3,2515.0,pipeleg_upper_03_straight,-422.9720628,-322.6266611,-3.204144416,-400.3203187,upper_leg,transport,3,9,0.25,2514,,,,,
viscosity_screening_salt_test_3_jin_coarse_mesh,Salt 3,2515.0,pipeleg_upper_04_reducer,-3128.582027,-3128.582016,-18.0957308,-3128.582023,upper_leg,cooling_branch,4,9,0.375,2514,,,,,
viscosity_screening_salt_test_3_jin_coarse_mesh,Salt 3,2515.0,pipeleg_upper_05_cooler,-6291.871847,-6291.871807,-114.5781771,-6291.871822,upper_leg,cooling_branch,5,9,0.5,2514,,,,,
viscosity_screening_salt_test_3_jin_coarse_mesh,Salt 3,2515.0,pipeleg_upper_06_reducer,-3128.582032,-3128.582006,-18.0957308,-3128.582024,upper_leg,cooling_branch,6,9,0.625,2514,,,,,
viscosity_screening_salt_test_3_jin_coarse_mesh,Salt 3,2515.0,pipeleg_upper_07_straight,-434.4108745,-421.3732739,-3.434264012,-429.0710672,upper_leg,transport,7,9,0.75,2514,,,,,
viscosity_screening_salt_test_3_jin_coarse_mesh,Salt 3,2515.0,pipeleg_upper_08_bend,-438.3112605,-427.7802606,-0.287337484,-434.7811215,upper_leg,transport,8,9,0.875,2514,,,,,
viscosity_screening_salt_test_3_jin_coarse_mesh,Salt 3,2515.0,pipeleg_upper_09_straight,-437.5025984,-420.142032,-3.272521418,-429.4078061,upper_leg,transport,9,9,1.0,2514,,,,,
viscosity_screening_salt_test_3_jin_coarse_mesh,Salt 3,2515.0,pipeleg_left_01_upper,-440.1091045,-409.0937561,-10.47219091,-423.9854014,left_leg,transport,1,7,0.0,2514,,,,,
viscosity_screening_salt_test_3_jin_coarse_mesh,Salt 3,2515.0,pipeleg_left_02_connector,-453.3274447,-421.453896,-0.068878668,-434.3259514,left_leg,transport,2,7,0.16666666666666666,2514,,,,,
viscosity_screening_salt_test_3_jin_coarse_mesh,Salt 3,2515.0,pipeleg_left_03_fitting,-580.5401881,-538.7942569,-1.158535219,-558.1247148,left_leg,transport,3,7,0.3333333333333333,2514,,,,,
viscosity_screening_salt_test_3_jin_coarse_mesh,Salt 3,2515.0,pipeleg_left_04_test_section,-1071.561695,-624.5151793,-10.24342229,-835.6213898,left_leg,test_section,4,7,0.5,2514,,,,,
viscosity_screening_salt_test_3_jin_coarse_mesh,Salt 3,2515.0,pipeleg_left_05_fitting,-589.4826752,-532.8079008,-1.17028622,-563.7857637,left_leg,transport,5,7,0.6666666666666666,2514,,,,,
viscosity_screening_salt_test_3_jin_coarse_mesh,Salt 3,2515.0,pipeleg_left_06_connector,-459.926055,-416.5032731,-0.07017818607,-442.5202797,left_leg,transport,6,7,0.8333333333333334,2514,,,,,
viscosity_screening_salt_test_3_jin_coarse_mesh,Salt 3,2515.0,pipeleg_left_07_lower,-446.0925469,-401.3408193,-9.004938808,-425.8660985,left_leg,transport,7,7,1.0,2514,,,,,
val_water_test_1_coarse_mesh_laminar,Water 1,5274.0,junction_lower_left,-130.1611222,-102.6709841,-0.3204842034,-109.585206,junctions,junction,1,21,0.0,5274,0.0029245207,315.1657744,-109.585206,5274.0,
val_water_test_1_coarse_mesh_laminar,Water 1,5274.0,junction_lower_left_left_extension,-116.336622,-91.31280699,-0.2393956575,-109.6461738,junctions,junction,2,21,0.05,5274,0.002183347117,315.3548729,-109.6461739,5274.0,
val_water_test_1_coarse_mesh_laminar,Water 1,5274.0,junction_lower_left_left_step,0.0,0.0,0.0,0.0,junctions,junction,3,21,0.1,5274,0.0001184207033,315.4056609,0.0,5274.0,
val_water_test_1_coarse_mesh_laminar,Water 1,5274.0,junction_lower_left_left_stub,-994.7766286,-814.5941958,-0.4731141002,-936.3744162,junctions,junction,4,21,0.15,5274,0.0005052616689,314.4619586,-936.3744162,5274.0,
val_water_test_1_coarse_mesh_laminar,Water 1,5274.0,junction_lower_left_lower_extension,-108.0411052,-18.85672446,-0.1123240226,-58.79519133,junctions,junction,5,21,0.2,5274,0.001910428728,306.4517033,-58.79519133,5274.0,
val_water_test_1_coarse_mesh_laminar,Water 1,5274.0,junction_lower_left_lower_stub,-242.2032992,-238.1951966,-0.09320676972,-240.9433799,junctions,junction,6,21,0.25,5274,0.0003868409656,299.9469769,-240.9433799,5274.0,
val_water_test_1_coarse_mesh_laminar,Water 1,5274.0,junction_lower_right,-103.7214057,-87.98377742,-0.2926448422,-100.0659231,junctions,junction,7,21,0.3,5274,0.002924520488,313.6157855,-100.0659231,5274.0,
val_water_test_1_coarse_mesh_laminar,Water 1,5274.0,junction_lower_right_lower_extension,-103.9526129,-41.11090878,-0.3229630427,-91.11871381,junctions,junction,8,21,0.35,5274,0.00354442056,312.0012119,-91.1187138,5274.0,
val_water_test_1_coarse_mesh_laminar,Water 1,5274.0,junction_lower_right_lower_stub,-285.9795158,-281.7217931,-0.1102280342,-284.9440573,junctions,junction,9,21,0.4,5274,0.0003868409655,303.7680103,-284.9440573,5274.0,
val_water_test_1_coarse_mesh_laminar,Water 1,5274.0,junction_lower_right_right_extension,-98.36501788,-75.10889737,-0.2042541301,-93.5509194,junctions,junction,10,21,0.45,5274,0.002183347116,312.6904627,-93.5509194,5274.0,
val_water_test_1_coarse_mesh_laminar,Water 1,5274.0,junction_lower_right_right_step,0.0,0.0,0.0,0.0,junctions,junction,11,21,0.5,5274,0.0001184207032,312.8665285,0.0,5274.0,
val_water_test_1_coarse_mesh_laminar,Water 1,5274.0,junction_lower_right_right_stub,-768.2126559,-632.73305,-0.3756185958,-743.4139952,junctions,junction,12,21,0.55,5274,0.0005052616687,311.7132202,-743.4139952,5274.0,
val_water_test_1_coarse_mesh_laminar,Water 1,5274.0,junction_upper_left,-113.8587867,-109.3980599,-0.3022353551,-112.4680147,junctions,junction,13,21,0.6,5274,0.002687300528,315.5046475,-112.4680147,5274.0,
val_water_test_1_coarse_mesh_laminar,Water 1,5274.0,junction_upper_left_upper_extension,-111.2485448,-96.83253633,-1.132808171,-106.5344017,junctions,junction,14,21,0.65,5274,0.01063326168,314.9324974,-106.5344016,5274.0,
val_water_test_1_coarse_mesh_laminar,Water 1,5274.0,junction_upper_left_upper_stub,-517.1466568,-481.013587,-0.1954505627,-505.247841,junctions,junction,15,21,0.7,5274,0.0003868409656,314.0744794,-505.247841,5274.0,
val_water_test_1_coarse_mesh_laminar,Water 1,5274.0,junction_upper_right,-109.6885828,-87.09677185,-0.3091340053,-105.7041699,junctions,junction,16,21,0.75,5274,0.002924520438,314.5356912,-105.7041699,5274.0,
val_water_test_1_coarse_mesh_laminar,Water 1,5274.0,junction_upper_right_right_extension,-108.1477949,-90.24361639,-0.2289018341,-104.8398729,junctions,junction,17,21,0.8,5274,0.002183347116,314.5647707,-104.8398729,5274.0,
val_water_test_1_coarse_mesh_laminar,Water 1,5274.0,junction_upper_right_right_step,0.0,0.0,0.0,0.0,junctions,junction,18,21,0.85,5274,0.0001184207032,314.7598824,0.0,5274.0,
val_water_test_1_coarse_mesh_laminar,Water 1,5274.0,junction_upper_right_right_stub,-927.7259794,-784.3236249,-0.4449969377,-880.7257016,junctions,junction,19,21,0.9,5274,0.0005052616687,313.8690172,-880.7257017,5274.0,
val_water_test_1_coarse_mesh_laminar,Water 1,5274.0,junction_upper_right_upper_extension,-106.9979835,-83.98838046,-0.5353647586,-100.6962444,junctions,junction,20,21,0.95,5274,0.005316630841,313.7411033,-100.6962444,5274.0,
val_water_test_1_coarse_mesh_laminar,Water 1,5274.0,junction_upper_right_upper_stub,-1226.209352,-1058.129273,-0.4498566164,-1162.898081,junctions,junction,21,21,1.0,5274,0.0003868409655,312.2041814,-1162.898081,5274.0,
val_water_test_1_coarse_mesh_laminar,Water 1,5274.0,pipeleg_lower_01_fitting,-129.6132447,-103.6311423,-0.2460001841,-112.5867534,lower_leg,transport,1,9,0.0,5274,0.002184983371,315.8425324,-112.5867534,5274.0,
val_water_test_1_coarse_mesh_laminar,Water 1,5274.0,pipeleg_lower_02_straight,-114.7116917,-85.33133101,-0.5141689709,-94.58543054,lower_leg,transport,2,9,0.125,5274,0.005436027177,316.5036418,-94.58543054,5274.0,
val_water_test_1_coarse_mesh_laminar,Water 1,5274.0,pipeleg_lower_03_bend,-127.8816532,-95.4682248,-0.07199482339,-108.9380669,lower_leg,transport,3,9,0.25,5274,0.0006608784735,318.1250822,-108.9380669,5274.0,
val_water_test_1_coarse_mesh_laminar,Water 1,5274.0,pipeleg_lower_04_straight,1138.37883,1172.274407,17.75944842,1163.627719,lower_leg,heater,4,9,0.375,5274,0.01526213937,317.9643682,1163.627719,5274.0,
val_water_test_1_coarse_mesh_laminar,Water 1,5274.0,pipeleg_lower_05_straight,1144.655463,1172.87213,17.80515589,1166.622546,lower_leg,heater,5,9,0.5,5274,0.01526213937,317.5169718,1166.622546,5274.0,
val_water_test_1_coarse_mesh_laminar,Water 1,5274.0,pipeleg_lower_06_straight,1152.165853,1184.615046,17.87415413,1171.143422,lower_leg,heater,6,9,0.625,5274,0.01526213937,316.8116869,1171.143422,5274.0,
val_water_test_1_coarse_mesh_laminar,Water 1,5274.0,pipeleg_lower_07_bend,-86.85256269,-85.77907065,-0.05714173358,-86.46329967,lower_leg,transport,7,9,0.75,5274,0.0006608784744,313.8798355,-86.46329967,5274.0,
val_water_test_1_coarse_mesh_laminar,Water 1,5274.0,pipeleg_lower_08_straight,-81.94814399,-80.52669947,-0.4416301974,-81.241352,lower_leg,transport,8,9,0.875,5274,0.005436027177,313.8934703,-81.241352,5274.0,
val_water_test_1_coarse_mesh_laminar,Water 1,5274.0,pipeleg_lower_09_fitting,-102.3458176,-99.1686926,-0.2213114023,-101.2874538,lower_leg,transport,9,9,1.0,5274,0.002184983371,313.984633,-101.2874538,5274.0,
val_water_test_1_coarse_mesh_laminar,Water 1,5274.0,pipeleg_right_01_lower,-79.98668715,-78.73787663,-1.677643752,-79.33997271,right_leg,transport,1,3,0.0,5274,0.02114500037,313.8196497,-79.33997271,5274.0,
val_water_test_1_coarse_mesh_laminar,Water 1,5274.0,pipeleg_right_02_middle,-81.35964992,-79.01537406,-1.689764883,-79.91321135,right_leg,transport,2,3,0.5,5274,0.02114500036,313.9362539,-79.91321135,5274.0,
val_water_test_1_coarse_mesh_laminar,Water 1,5274.0,pipeleg_right_03_upper,-85.62711942,-75.64677894,-1.703019518,-80.54005622,right_leg,transport,3,3,1.0,5274,0.02114500036,314.0798506,-80.54005622,5274.0,
val_water_test_1_coarse_mesh_laminar,Water 1,5274.0,pipeleg_upper_01_straight,-87.17785963,-66.15036671,-0.6111371837,-80.19109537,upper_leg,transport,1,9,0.0,5274,0.007621010548,313.6602328,-80.19109537,5274.0,
val_water_test_1_coarse_mesh_laminar,Water 1,5274.0,pipeleg_upper_02_bend,-93.03564216,-69.55453279,-0.0536594636,-81.19414639,upper_leg,transport,2,9,0.125,5274,0.0006608784744,312.8370647,-81.19414639,5274.0,
val_water_test_1_coarse_mesh_laminar,Water 1,5274.0,pipeleg_upper_03_straight,-88.04346098,-61.48385223,-0.6533945968,-81.63400249,upper_leg,transport,3,9,0.25,5274,0.008003951501,313.8265296,-81.63400249,5274.0,
val_water_test_1_coarse_mesh_laminar,Water 1,5274.0,pipeleg_upper_04_reducer,-111.557871,-111.5578178,-0.6452509614,-111.5578354,upper_leg,cooling_branch,4,9,0.375,5274,0.005784003956,313.3165479,-111.5578354,5274.0,
val_water_test_1_coarse_mesh_laminar,Water 1,5274.0,pipeleg_upper_05_cooler,-1598.169518,-1598.167381,-29.10345745,-1598.168416,upper_leg,cooling_branch,5,9,0.5,5274,0.0182105072,311.6309915,-1598.168416,5274.0,
val_water_test_1_coarse_mesh_laminar,Water 1,5274.0,pipeleg_upper_06_reducer,-111.5578522,-111.5578271,-0.645250976,-111.557838,upper_leg,cooling_branch,6,9,0.625,5274,0.005784003954,315.1780928,-111.557838,5274.0,
val_water_test_1_coarse_mesh_laminar,Water 1,5274.0,pipeleg_upper_07_straight,-89.5834292,-87.35783413,-0.7111180289,-88.84586929,upper_leg,transport,7,9,0.75,5274,0.008003951501,315.3292265,-88.84586929,5274.0,
val_water_test_1_coarse_mesh_laminar,Water 1,5274.0,pipeleg_upper_08_bend,-94.51682078,-93.58797209,-0.06228131903,-94.24019924,upper_leg,transport,8,9,0.875,5274,0.0006608784737,315.379735,-94.24019924,5274.0,
val_water_test_1_coarse_mesh_laminar,Water 1,5274.0,pipeleg_upper_09_straight,-90.10725869,-88.06863021,-0.678128502,-88.98144125,upper_leg,transport,9,9,1.0,5274,0.007621010543,315.4634619,-88.98144125,5274.0,
val_water_test_1_coarse_mesh_laminar,Water 1,5274.0,pipeleg_left_01_upper,-86.92887661,-83.67628536,-2.087178622,-84.503164,left_leg,transport,1,7,0.0,5274,0.02469941388,314.9234718,-84.503164,5274.0,
val_water_test_1_coarse_mesh_laminar,Water 1,5274.0,pipeleg_left_02_connector,-100.1637919,-99.74948061,-0.01584832021,-99.93423151,left_leg,transport,2,7,0.16666666666666666,5274,0.0001585875027,314.7605211,-99.93423152,5274.0,
val_water_test_1_coarse_mesh_laminar,Water 1,5274.0,pipeleg_left_03_fitting,-123.31079,-121.4695802,-0.254800976,-122.7504523,left_leg,transport,3,7,0.3333333333333333,5274,0.00207576405,314.779126,-122.7504523,5274.0,
val_water_test_1_coarse_mesh_laminar,Water 1,5274.0,pipeleg_left_04_test_section,-234.4140302,-221.9700925,-2.783556867,-227.0725147,left_leg,test_section,4,7,0.5,5274,0.01225844912,314.8683562,-227.0725147,5274.0,
val_water_test_1_coarse_mesh_laminar,Water 1,5274.0,pipeleg_left_05_fitting,-128.6448468,-126.0589258,-0.263924844,-127.1458786,left_leg,transport,5,7,0.6666666666666666,5274,0.00207576405,315.41422,-127.1458787,5274.0,
val_water_test_1_coarse_mesh_laminar,Water 1,5274.0,pipeleg_left_06_connector,-104.628527,-102.9419627,-0.01645509851,-103.7603735,left_leg,transport,6,7,0.8333333333333334,5274,0.0001585875027,315.4395893,-103.7603735,5274.0,
val_water_test_1_coarse_mesh_laminar,Water 1,5274.0,pipeleg_left_07_lower,-95.48489947,-84.68559611,-1.883549007,-89.07774765,left_leg,transport,7,7,1.0,5274,0.02114500036,315.819884,-89.07774765,5274.0,
